account,label,pattern
CIRC0_0,1,circular
CIRC0_1,1,circular
CIRC0_2,1,circular
CIRC0_3,1,circular
CIRC0_4,1,circular
CIRC1_0,1,circular
CIRC1_1,1,circular
CIRC1_2,1,circular
CIRC1_3,1,circular
CIRC2_0,1,circular
CIRC2_1,1,circular
CIRC2_2,1,circular
CIRC2_3,1,circular
CIRC2_4,1,circular
CIRC3_0,1,circular
CIRC3_1,1,circular
CIRC3_2,1,circular
CIRC3_3,1,circular
CIRC3_4,1,circular
CIRC3_5,1,circular
CIRC4_0,1,circular
CIRC4_1,1,circular
CIRC4_2,1,circular
CIRC4_3,1,circular
SELF0,1,self_matching
SELF1,1,self_matching
SELF2,1,self_matching
SELF3,1,self_matching
SELF4,1,self_matching
LAYER0_A,1,layering
LAYER0_B,1,layering
LAYER0_L0,1,layering
LAYER0_L1,1,layering
LAYER1_A,1,layering
LAYER1_B,1,layering
LAYER1_L0,1,layering
LAYER1_L1,1,layering
LAYER2_A,1,layering
LAYER2_B,1,layering
LAYER2_L0,1,layering
LAYER2_L1,1,layering
LAYER2_L2,1,layering
LAYER2_L3,1,layering
LAYER3_A,1,layering
LAYER3_B,1,layering
LAYER3_L0,1,layering
LAYER3_L1,1,layering
LAYER3_L2,1,layering
LAYER3_L3,1,layering
RETAIL0,0,clean
RETAIL1,0,clean
RETAIL2,0,clean
RETAIL3,0,clean
RETAIL4,0,clean
RETAIL5,0,clean
RETAIL6,0,clean
RETAIL7,0,clean
RETAIL8,0,clean
RETAIL9,0,clean
RETAIL10,0,clean
RETAIL11,0,clean
RETAIL12,0,clean
RETAIL13,0,clean
RETAIL14,0,clean
RETAIL15,0,clean
RETAIL16,0,clean
RETAIL17,0,clean
RETAIL18,0,clean
RETAIL19,0,clean
RETAIL20,0,clean
RETAIL21,0,clean
RETAIL22,0,clean
RETAIL23,0,clean
RETAIL24,0,clean
RETAIL25,0,clean
RETAIL26,0,clean
RETAIL27,0,clean
RETAIL28,0,clean
RETAIL29,0,clean
RETAIL30,0,clean
RETAIL31,0,clean
RETAIL32,0,clean
RETAIL33,0,clean
RETAIL34,0,clean
RETAIL35,0,clean
RETAIL36,0,clean
RETAIL37,0,clean
RETAIL38,0,clean
RETAIL39,0,clean
RETAIL40,0,clean
RETAIL41,0,clean
RETAIL42,0,clean
RETAIL43,0,clean
RETAIL44,0,clean
RETAIL45,0,clean
RETAIL46,0,clean
RETAIL47,0,clean
RETAIL48,0,clean
RETAIL49,0,clean
RETAIL50,0,clean
RETAIL51,0,clean
RETAIL52,0,clean
RETAIL53,0,clean
RETAIL54,0,clean
RETAIL55,0,clean
RETAIL56,0,clean
RETAIL57,0,clean
RETAIL58,0,clean
RETAIL59,0,clean
RETAIL60,0,clean
RETAIL61,0,clean
RETAIL62,0,clean
RETAIL63,0,clean
RETAIL64,0,clean
RETAIL65,0,clean
RETAIL66,0,clean
RETAIL67,0,clean
RETAIL68,0,clean
RETAIL69,0,clean
RETAIL70,0,clean
RETAIL71,0,clean
RETAIL72,0,clean
RETAIL73,0,clean
RETAIL74,0,clean
RETAIL75,0,clean
RETAIL76,0,clean
RETAIL77,0,clean
RETAIL78,0,clean
RETAIL79,0,clean
MAKER0,0,clean
MAKER1,0,clean
MAKER2,0,clean
MAKER3,0,clean
MAKER4,0,clean
