base_account,counter_account,base_amount,ledger_close_time,pattern
CIRC3_0,CIRC3_1,731.4527207,2026-01-01T00:08:24.888907+00:00,circular
CIRC3_1,CIRC3_2,730.7190685,2026-01-01T00:08:54.888907+00:00,circular
CIRC3_2,CIRC3_3,734.5809456,2026-01-01T00:09:24.888907+00:00,circular
CIRC3_3,CIRC3_4,729.5999894,2026-01-01T00:09:54.888907+00:00,circular
CIRC3_4,CIRC3_5,742.1048089,2026-01-01T00:10:24.888907+00:00,circular
CIRC3_5,CIRC3_0,738.2706595,2026-01-01T00:10:54.888907+00:00,circular
RETAIL38,MAKER2,197.3620514,2026-01-01T02:01:03.613604+00:00,clean
SELF2,SELF2,1618.4238559,2026-01-01T02:21:34.160743+00:00,self_matching
RETAIL31,MAKER0,284.4922375,2026-01-01T03:06:47.305013+00:00,clean
RETAIL9,MAKER0,196.611575,2026-01-01T03:14:03.523563+00:00,clean
RETAIL33,MAKER2,309.2618443,2026-01-01T04:26:15.385143+00:00,clean
RETAIL28,MAKER1,152.8840302,2026-01-01T07:13:34.218645+00:00,clean
RETAIL6,MAKER0,21.1780943,2026-01-01T07:31:56.570600+00:00,clean
RETAIL45,MAKER2,220.4578589,2026-01-01T07:37:29.619623+00:00,clean
MAKER4,RETAIL61,122.861637,2026-01-01T07:50:00.433691+00:00,clean
RETAIL36,MAKER2,52.6663599,2026-01-01T08:54:26.420841+00:00,clean
RETAIL67,MAKER1,349.3654627,2026-01-01T09:03:56.113327+00:00,clean
RETAIL76,MAKER1,21.4984361,2026-01-01T09:24:33.922687+00:00,clean
RETAIL17,MAKER4,93.2342539,2026-01-01T10:47:23.302308+00:00,clean
RETAIL56,MAKER4,1641.594294,2026-01-01T11:54:06.173174+00:00,clean
MAKER2,RETAIL72,468.3040588,2026-01-01T12:03:55.648444+00:00,clean
RETAIL2,MAKER3,30.3797851,2026-01-01T12:36:11.549477+00:00,clean
RETAIL20,MAKER3,114.9995526,2026-01-01T12:47:58.171804+00:00,clean
SELF0,SELF0,1618.7783222,2026-01-01T12:50:16.816535+00:00,self_matching
RETAIL64,MAKER1,22.4895091,2026-01-01T13:54:30.536361+00:00,clean
RETAIL41,MAKER1,99.9733038,2026-01-01T14:46:07.629516+00:00,clean
RETAIL59,MAKER4,274.0927518,2026-01-01T15:03:59.210271+00:00,clean
MAKER3,RETAIL33,13.9045518,2026-01-01T16:08:49.486373+00:00,clean
RETAIL1,MAKER3,28.3152867,2026-01-01T16:11:44.828947+00:00,clean
SELF0,SELF0,1222.5433746,2026-01-01T16:31:45.517531+00:00,self_matching
RETAIL42,MAKER4,16.7889572,2026-01-01T16:36:42.630529+00:00,clean
SELF3,SELF3,1798.6229482,2026-01-01T16:43:10.037799+00:00,self_matching
SELF1,SELF1,504.2816055,2026-01-01T16:47:46.447353+00:00,self_matching
RETAIL58,MAKER1,48.2714981,2026-01-01T17:19:54.161267+00:00,clean
RETAIL35,MAKER3,144.8616986,2026-01-01T18:11:23.264061+00:00,clean
RETAIL31,MAKER0,17.9708798,2026-01-01T18:24:50.991984+00:00,clean
RETAIL42,MAKER0,13.9825751,2026-01-01T18:32:00.525014+00:00,clean
RETAIL58,MAKER2,38.034352,2026-01-01T20:24:51.943187+00:00,clean
RETAIL56,MAKER1,55.7488577,2026-01-01T20:25:41.487616+00:00,clean
RETAIL61,MAKER2,45.6295106,2026-01-01T21:09:47.096186+00:00,clean
RETAIL30,MAKER2,32.2124613,2026-01-01T22:17:34.391342+00:00,clean
MAKER1,RETAIL5,46.2180603,2026-01-01T23:12:55.134859+00:00,clean
RETAIL53,MAKER4,32.5988669,2026-01-01T23:26:58.695608+00:00,clean
RETAIL24,MAKER0,50.3319215,2026-01-02T00:10:36.963362+00:00,clean
RETAIL24,MAKER0,17.4721032,2026-01-02T01:03:47.702414+00:00,clean
RETAIL69,MAKER4,82.4299519,2026-01-02T01:07:02.557684+00:00,clean
RETAIL53,MAKER3,32.4199243,2026-01-02T01:16:37.868730+00:00,clean
LAYER3_A,LAYER3_L0,5966.7570268,2026-01-02T01:55:24.290053+00:00,layering
LAYER3_L0,LAYER3_B,5954.8235128,2026-01-02T01:57:24.290053+00:00,layering
LAYER3_B,LAYER3_A,5942.8899987,2026-01-02T01:59:24.290053+00:00,layering
RETAIL29,MAKER4,30.3510904,2026-01-02T02:04:09.260818+00:00,clean
RETAIL0,MAKER2,4.4514661,2026-01-02T02:36:12.719203+00:00,clean
RETAIL9,MAKER1,35.4914961,2026-01-02T02:58:02.092491+00:00,clean
CIRC0_0,CIRC0_1,2291.3346744,2026-01-02T04:58:18.675034+00:00,circular
CIRC0_1,CIRC0_2,2258.2248047,2026-01-02T04:58:48.675034+00:00,circular
CIRC0_2,CIRC0_3,2280.4754125,2026-01-02T04:59:18.675034+00:00,circular
CIRC0_3,CIRC0_4,2295.3612457,2026-01-02T04:59:48.675034+00:00,circular
CIRC0_4,CIRC0_0,2263.7147682,2026-01-02T05:00:18.675034+00:00,circular
RETAIL9,MAKER2,29.8805948,2026-01-02T05:03:37.955214+00:00,clean
RETAIL51,MAKER0,146.5592071,2026-01-02T05:40:48.988868+00:00,clean
RETAIL58,MAKER2,46.5988305,2026-01-02T05:45:09.968764+00:00,clean
RETAIL54,MAKER0,379.5111568,2026-01-02T05:45:27.723720+00:00,clean
RETAIL46,MAKER2,34.7256633,2026-01-02T06:03:42.461156+00:00,clean
RETAIL40,MAKER3,73.4536039,2026-01-02T07:19:21.784349+00:00,clean
RETAIL54,MAKER2,16.0333897,2026-01-02T07:38:30.656051+00:00,clean
MAKER2,RETAIL1,18.0349156,2026-01-02T08:34:15.580477+00:00,clean
RETAIL75,MAKER0,14.5254429,2026-01-02T09:21:28.449401+00:00,clean
RETAIL42,MAKER1,15.6325565,2026-01-02T10:20:23.776523+00:00,clean
MAKER0,RETAIL44,700.3797607,2026-01-02T10:47:21.951764+00:00,clean
RETAIL14,MAKER2,311.3155433,2026-01-02T10:51:13.631376+00:00,clean
MAKER4,RETAIL42,108.9914866,2026-01-02T10:59:33.990541+00:00,clean
RETAIL7,MAKER0,48.9667997,2026-01-02T11:27:55.014526+00:00,clean
RETAIL44,MAKER4,103.0667237,2026-01-02T13:31:55.489366+00:00,clean
SELF3,SELF3,718.665911,2026-01-02T14:01:16.689772+00:00,self_matching
RETAIL12,MAKER0,69.9703213,2026-01-02T15:09:46.735633+00:00,clean
RETAIL6,MAKER2,82.4446669,2026-01-02T15:49:20.188428+00:00,clean
RETAIL25,MAKER3,15.373251,2026-01-02T16:09:10.170227+00:00,clean
RETAIL53,MAKER0,830.8759289,2026-01-02T17:01:30.957521+00:00,clean
RETAIL17,MAKER3,127.7783163,2026-01-02T17:05:06.965234+00:00,clean
RETAIL42,MAKER1,43.3319082,2026-01-02T17:21:45.367119+00:00,clean
MAKER4,RETAIL39,18.5660558,2026-01-02T17:26:21.364001+00:00,clean
MAKER1,RETAIL47,34.0281476,2026-01-02T17:33:20.852869+00:00,clean
RETAIL13,MAKER1,501.7118187,2026-01-02T18:01:58.834746+00:00,clean
RETAIL55,MAKER4,39.8878183,2026-01-02T18:33:07.803545+00:00,clean
LAYER0_A,LAYER0_L0,5686.3050172,2026-01-02T19:52:20.856661+00:00,layering
LAYER0_L0,LAYER0_B,5674.9324071,2026-01-02T19:54:20.856661+00:00,layering
CIRC1_0,CIRC1_1,3241.0889084,2026-01-02T19:55:16.873713+00:00,circular
CIRC1_1,CIRC1_2,3218.6030153,2026-01-02T19:55:46.873713+00:00,circular
CIRC1_2,CIRC1_3,3230.079805,2026-01-02T19:56:16.873713+00:00,circular
LAYER0_B,LAYER0_A,5663.5597971,2026-01-02T19:56:20.856661+00:00,layering
CIRC1_3,CIRC1_0,3268.3942301,2026-01-02T19:56:46.873713+00:00,circular
RETAIL60,MAKER1,26.632395,2026-01-02T20:40:44.994843+00:00,clean
MAKER4,RETAIL32,6.6173752,2026-01-02T21:22:34.427877+00:00,clean
RETAIL68,MAKER1,22.900378,2026-01-02T22:05:34.126647+00:00,clean
RETAIL65,MAKER0,43.3116573,2026-01-02T23:15:32.582780+00:00,clean
RETAIL14,MAKER0,78.7057744,2026-01-02T23:21:03.574738+00:00,clean
RETAIL45,MAKER1,154.6292822,2026-01-02T23:24:43.422831+00:00,clean
RETAIL20,MAKER3,170.7578857,2026-01-03T00:23:51.233870+00:00,clean
RETAIL52,MAKER0,2175.9907668,2026-01-03T00:58:58.799106+00:00,clean
RETAIL61,MAKER2,148.0101432,2026-01-03T01:03:53.984493+00:00,clean
CIRC1_0,CIRC1_1,3993.2163798,2026-01-03T01:06:48.823319+00:00,circular
CIRC1_1,CIRC1_2,4008.8417445,2026-01-03T01:07:18.823319+00:00,circular
CIRC1_2,CIRC1_3,3996.682488,2026-01-03T01:07:48.823319+00:00,circular
CIRC1_3,CIRC1_0,4005.1306242,2026-01-03T01:08:18.823319+00:00,circular
CIRC3_0,CIRC3_1,2655.9550424,2026-01-03T03:31:53.868961+00:00,circular
CIRC3_1,CIRC3_2,2668.8298711,2026-01-03T03:32:23.868961+00:00,circular
CIRC3_2,CIRC3_3,2664.6598336,2026-01-03T03:32:53.868961+00:00,circular
CIRC3_3,CIRC3_4,2694.8645543,2026-01-03T03:33:23.868961+00:00,circular
CIRC3_4,CIRC3_5,2659.127644,2026-01-03T03:33:53.868961+00:00,circular
CIRC3_5,CIRC3_0,2651.7200575,2026-01-03T03:34:23.868961+00:00,circular
RETAIL60,MAKER1,99.9429861,2026-01-03T04:18:24.647278+00:00,clean
RETAIL42,MAKER2,74.7455085,2026-01-03T04:55:13.388781+00:00,clean
LAYER2_A,LAYER2_L1,1402.6855871,2026-01-03T05:40:38.368949+00:00,layering
LAYER2_L1,LAYER2_B,1399.8802159,2026-01-03T05:42:38.368949+00:00,layering
RETAIL41,MAKER0,130.5983727,2026-01-03T05:42:53.255197+00:00,clean
LAYER2_B,LAYER2_A,1397.0748447,2026-01-03T05:44:38.368949+00:00,layering
RETAIL16,MAKER0,970.8046649,2026-01-03T06:07:59.414536+00:00,clean
RETAIL2,MAKER1,16.1821186,2026-01-03T07:46:46.956190+00:00,clean
RETAIL18,MAKER4,777.0741094,2026-01-03T08:36:10.158313+00:00,clean
SELF3,SELF3,959.1342611,2026-01-03T10:38:49.790371+00:00,self_matching
RETAIL1,MAKER3,10.4457138,2026-01-03T12:24:04.333660+00:00,clean
RETAIL51,MAKER2,279.7690334,2026-01-03T12:28:55.505737+00:00,clean
RETAIL79,MAKER1,10.5860927,2026-01-03T13:04:46.644532+00:00,clean
MAKER3,RETAIL6,5.8296931,2026-01-03T13:12:08.761261+00:00,clean
RETAIL64,MAKER1,24.9827908,2026-01-03T13:45:42.783300+00:00,clean
CIRC3_0,CIRC3_1,2301.5697236,2026-01-03T14:07:20.122414+00:00,circular
CIRC3_1,CIRC3_2,2275.3083769,2026-01-03T14:07:50.122414+00:00,circular
RETAIL10,MAKER3,314.9122759,2026-01-03T14:07:55.154267+00:00,clean
CIRC3_2,CIRC3_3,2275.5424987,2026-01-03T14:08:20.122414+00:00,circular
CIRC3_3,CIRC3_4,2282.0346181,2026-01-03T14:08:50.122414+00:00,circular
CIRC3_4,CIRC3_5,2279.9017281,2026-01-03T14:09:20.122414+00:00,circular
CIRC3_5,CIRC3_0,2288.0619133,2026-01-03T14:09:50.122414+00:00,circular
RETAIL75,MAKER0,5.8265096,2026-01-03T14:33:34.393765+00:00,clean
RETAIL51,MAKER1,505.4958982,2026-01-03T14:40:08.755768+00:00,clean
RETAIL31,MAKER1,270.18086,2026-01-03T15:18:33.864744+00:00,clean
RETAIL66,MAKER2,5.0213352,2026-01-03T16:10:43.174927+00:00,clean
RETAIL28,MAKER3,20.4428669,2026-01-03T17:02:15.333836+00:00,clean
RETAIL1,MAKER0,141.5910013,2026-01-03T17:24:47.596845+00:00,clean
MAKER2,RETAIL10,40.2509404,2026-01-03T18:02:00.468994+00:00,clean
RETAIL72,MAKER3,232.5262987,2026-01-03T19:04:53.104218+00:00,clean
RETAIL65,MAKER4,143.5951417,2026-01-03T19:11:31.898826+00:00,clean
RETAIL61,MAKER3,8.2500502,2026-01-03T19:29:17.695432+00:00,clean
LAYER1_A,LAYER1_L0,7429.8370519,2026-01-03T19:42:35.909560+00:00,layering
LAYER1_L0,LAYER1_B,7414.9773778,2026-01-03T19:44:35.909560+00:00,layering
LAYER1_B,LAYER1_A,7400.1177037,2026-01-03T19:46:35.909560+00:00,layering
RETAIL30,MAKER4,136.18932,2026-01-03T20:26:14.113045+00:00,clean
MAKER1,RETAIL27,33.9157488,2026-01-03T22:14:48.089085+00:00,clean
RETAIL74,MAKER2,51.5819132,2026-01-03T22:15:19.637892+00:00,clean
RETAIL75,MAKER1,341.9300894,2026-01-03T22:48:03.762532+00:00,clean
RETAIL31,MAKER1,31.8356818,2026-01-03T23:15:20.581525+00:00,clean
RETAIL6,MAKER0,18.6647747,2026-01-03T23:36:00.882067+00:00,clean
RETAIL69,MAKER2,368.2745581,2026-01-04T01:07:04.280836+00:00,clean
RETAIL37,MAKER1,123.5451423,2026-01-04T01:34:02.996253+00:00,clean
MAKER1,RETAIL29,1.6291631,2026-01-04T01:55:34.663883+00:00,clean
RETAIL74,MAKER1,28.5452659,2026-01-04T02:05:20.607637+00:00,clean
RETAIL66,MAKER0,8.9805719,2026-01-04T04:28:31.262935+00:00,clean
RETAIL72,MAKER1,16.2398026,2026-01-04T05:07:16.638797+00:00,clean
RETAIL43,MAKER0,103.8161766,2026-01-04T05:37:08.657642+00:00,clean
RETAIL46,MAKER0,675.7115717,2026-01-04T05:37:19.973119+00:00,clean
RETAIL10,MAKER0,48.1769862,2026-01-04T06:19:51.052409+00:00,clean
RETAIL7,MAKER1,9.1275471,2026-01-04T06:26:58.185766+00:00,clean
RETAIL59,MAKER4,32.0445823,2026-01-04T09:15:39.993886+00:00,clean
RETAIL40,MAKER4,24.9619798,2026-01-04T09:20:16.585008+00:00,clean
CIRC2_0,CIRC2_1,1747.8439627,2026-01-04T10:09:24.468912+00:00,circular
CIRC2_1,CIRC2_2,1752.0340502,2026-01-04T10:09:54.468912+00:00,circular
CIRC2_2,CIRC2_3,1757.501113,2026-01-04T10:10:24.468912+00:00,circular
CIRC2_3,CIRC2_4,1767.3051225,2026-01-04T10:10:54.468912+00:00,circular
CIRC2_4,CIRC2_0,1756.6724046,2026-01-04T10:11:24.468912+00:00,circular
SELF4,SELF4,331.0817133,2026-01-04T10:16:50.381537+00:00,self_matching
RETAIL12,MAKER2,67.8550305,2026-01-04T10:51:23.992584+00:00,clean
RETAIL67,MAKER4,5.0247615,2026-01-04T12:13:35.119940+00:00,clean
RETAIL50,MAKER1,53.4385068,2026-01-04T12:17:27.868204+00:00,clean
RETAIL10,MAKER2,96.4632393,2026-01-04T12:45:58.791680+00:00,clean
LAYER0_A,LAYER0_L1,7179.8298356,2026-01-04T13:47:14.635516+00:00,layering
RETAIL27,MAKER2,43.088453,2026-01-04T13:48:58.167544+00:00,clean
LAYER0_L1,LAYER0_B,7165.4701759,2026-01-04T13:49:14.635516+00:00,layering
LAYER0_B,LAYER0_A,7151.1105163,2026-01-04T13:51:14.635516+00:00,layering
RETAIL29,MAKER0,472.5221623,2026-01-04T15:30:39.592947+00:00,clean
RETAIL72,MAKER2,16.7603496,2026-01-04T15:50:22.376205+00:00,clean
RETAIL40,MAKER2,15.7422177,2026-01-04T16:21:36.239420+00:00,clean
RETAIL30,MAKER3,14.255515,2026-01-04T17:13:20.768576+00:00,clean
RETAIL76,MAKER3,12.2007186,2026-01-04T17:16:30.999436+00:00,clean
RETAIL34,MAKER2,118.7490332,2026-01-04T18:48:55.637751+00:00,clean
RETAIL64,MAKER2,21.9908567,2026-01-04T19:50:45.747855+00:00,clean
SELF0,SELF0,1141.7425636,2026-01-04T21:32:50.839580+00:00,self_matching
RETAIL55,MAKER2,321.5343378,2026-01-04T22:31:14.656878+00:00,clean
RETAIL64,MAKER2,223.8495761,2026-01-04T22:52:14.954579+00:00,clean
SELF0,SELF0,1986.9134772,2026-01-04T23:18:49.068965+00:00,self_matching
RETAIL9,MAKER1,21.655375,2026-01-04T23:42:37.569448+00:00,clean
RETAIL66,MAKER2,63.9484129,2026-01-04T23:47:45.818746+00:00,clean
RETAIL36,MAKER2,199.5282286,2026-01-05T00:02:50.366111+00:00,clean
MAKER3,RETAIL57,77.7583252,2026-01-05T00:21:26.483241+00:00,clean
LAYER0_A,LAYER0_L1,4020.652726,2026-01-05T00:52:46.689343+00:00,layering
LAYER0_L1,LAYER0_B,4012.6114205,2026-01-05T00:54:46.689343+00:00,layering
LAYER0_B,LAYER0_A,4004.5701151,2026-01-05T00:56:46.689343+00:00,layering
RETAIL44,MAKER0,97.1341137,2026-01-05T01:04:43.922216+00:00,clean
RETAIL52,MAKER3,82.4240123,2026-01-05T01:09:27.956973+00:00,clean
RETAIL62,MAKER4,8.4595769,2026-01-05T01:23:19.591755+00:00,clean
RETAIL46,MAKER3,23.081255,2026-01-05T01:24:08.913015+00:00,clean
RETAIL71,MAKER0,256.7758968,2026-01-05T01:54:30.747638+00:00,clean
RETAIL3,MAKER3,22.8627156,2026-01-05T04:30:32.997887+00:00,clean
RETAIL7,MAKER4,3.6849542,2026-01-05T06:10:33.513176+00:00,clean
RETAIL26,MAKER2,187.0545495,2026-01-05T06:47:34.361317+00:00,clean
RETAIL11,MAKER3,58.6308054,2026-01-05T07:22:19.388940+00:00,clean
SELF2,SELF2,999.6365717,2026-01-05T07:24:28.898381+00:00,self_matching
RETAIL60,MAKER0,22.9739732,2026-01-05T07:26:05.149496+00:00,clean
RETAIL42,MAKER0,116.3339419,2026-01-05T07:32:48.224101+00:00,clean
MAKER2,RETAIL53,92.9720035,2026-01-05T08:03:32.083960+00:00,clean
RETAIL70,MAKER4,37.1562305,2026-01-05T08:08:58.828114+00:00,clean
RETAIL34,MAKER4,511.6559299,2026-01-05T08:27:00.967048+00:00,clean
RETAIL29,MAKER1,114.3937211,2026-01-05T09:59:55.625680+00:00,clean
RETAIL58,MAKER2,187.6057876,2026-01-05T10:25:57.202250+00:00,clean
RETAIL10,MAKER0,803.5263993,2026-01-05T11:36:58.832782+00:00,clean
RETAIL31,MAKER4,190.4738499,2026-01-05T11:44:08.989451+00:00,clean
RETAIL46,MAKER4,113.5663128,2026-01-05T11:54:50.310545+00:00,clean
RETAIL43,MAKER2,94.9769093,2026-01-05T12:25:37.416685+00:00,clean
RETAIL55,MAKER1,328.765851,2026-01-05T12:49:56.512841+00:00,clean
RETAIL49,MAKER1,40.9065466,2026-01-05T13:21:59.142816+00:00,clean
RETAIL31,MAKER4,13.6503932,2026-01-05T15:02:19.299599+00:00,clean
RETAIL15,MAKER4,16.8350424,2026-01-05T15:18:28.522461+00:00,clean
RETAIL48,MAKER3,27.3288782,2026-01-05T15:28:57.224322+00:00,clean
RETAIL73,MAKER3,115.8820734,2026-01-05T16:46:09.934450+00:00,clean
RETAIL32,MAKER1,115.2926609,2026-01-05T16:52:29.989412+00:00,clean
RETAIL26,MAKER0,88.85842,2026-01-05T17:00:30.400262+00:00,clean
RETAIL66,MAKER1,2.5097519,2026-01-05T17:17:20.705162+00:00,clean
RETAIL34,MAKER1,13.9609254,2026-01-05T18:38:23.429413+00:00,clean
SELF3,SELF3,180.1779,2026-01-05T18:47:01.243308+00:00,self_matching
RETAIL18,MAKER0,11.9735693,2026-01-05T19:27:26.399046+00:00,clean
RETAIL75,MAKER1,24.5031304,2026-01-05T19:58:22.834421+00:00,clean
RETAIL59,MAKER3,68.5306846,2026-01-05T20:00:07.279094+00:00,clean
RETAIL44,MAKER1,175.7015961,2026-01-05T20:21:01.261106+00:00,clean
RETAIL64,MAKER2,3.3306691,2026-01-05T20:58:15.396402+00:00,clean
RETAIL77,MAKER1,19.9335676,2026-01-05T21:03:07.004092+00:00,clean
RETAIL54,MAKER2,2.7042937,2026-01-05T23:27:46.710526+00:00,clean
RETAIL3,MAKER0,18.1898663,2026-01-06T00:28:45.756431+00:00,clean
RETAIL53,MAKER2,6.8589352,2026-01-06T00:32:22.563095+00:00,clean
RETAIL62,MAKER3,81.6313876,2026-01-06T00:36:04.029240+00:00,clean
RETAIL39,MAKER2,142.4451625,2026-01-06T00:57:49.152624+00:00,clean
RETAIL35,MAKER0,35.4026407,2026-01-06T00:59:48.345524+00:00,clean
RETAIL79,MAKER3,117.9318942,2026-01-06T01:01:40.294147+00:00,clean
LAYER3_A,LAYER3_L2,3183.9468285,2026-01-06T01:03:39.417340+00:00,layering
LAYER3_L2,LAYER3_B,3177.5789349,2026-01-06T01:05:39.417340+00:00,layering
LAYER3_B,LAYER3_A,3171.2110412,2026-01-06T01:07:39.417340+00:00,layering
RETAIL31,MAKER0,305.298975,2026-01-06T02:55:12.262197+00:00,clean
RETAIL10,MAKER4,34.2326396,2026-01-06T03:36:49.229378+00:00,clean
MAKER1,RETAIL25,4.322263,2026-01-06T03:55:45.365984+00:00,clean
RETAIL53,MAKER3,84.0993935,2026-01-06T04:58:46.303038+00:00,clean
MAKER4,RETAIL13,27.0855001,2026-01-06T05:44:25.518330+00:00,clean
RETAIL13,MAKER3,83.3218599,2026-01-06T06:16:55.358663+00:00,clean
RETAIL73,MAKER1,13.7509,2026-01-06T09:31:38.050479+00:00,clean
RETAIL24,MAKER0,122.9794962,2026-01-06T10:05:56.968230+00:00,clean
RETAIL44,MAKER3,1.8149451,2026-01-06T11:15:14.389329+00:00,clean
LAYER0_A,LAYER0_L1,7667.5289024,2026-01-06T11:45:09.714532+00:00,layering
LAYER0_L1,LAYER0_B,7652.1938446,2026-01-06T11:47:09.714532+00:00,layering
LAYER0_B,LAYER0_A,7636.8587868,2026-01-06T11:49:09.714532+00:00,layering
RETAIL70,MAKER1,574.1678482,2026-01-06T12:00:23.242860+00:00,clean
RETAIL70,MAKER2,49.7398022,2026-01-06T12:11:28.391215+00:00,clean
RETAIL37,MAKER3,187.0545671,2026-01-06T12:52:15.040195+00:00,clean
RETAIL20,MAKER2,81.8390075,2026-01-06T13:02:20.232316+00:00,clean
RETAIL37,MAKER2,546.4808609,2026-01-06T13:43:44.429637+00:00,clean
RETAIL58,MAKER0,140.3078808,2026-01-06T14:35:42.011882+00:00,clean
RETAIL9,MAKER4,12.225439,2026-01-06T15:32:24.348200+00:00,clean
RETAIL53,MAKER4,150.7364151,2026-01-06T16:24:08.264360+00:00,clean
RETAIL56,MAKER4,38.5375539,2026-01-06T16:44:16.537929+00:00,clean
CIRC2_0,CIRC2_1,2193.537212,2026-01-06T18:27:08.257515+00:00,circular
CIRC2_1,CIRC2_2,2196.5593903,2026-01-06T18:27:38.257515+00:00,circular
CIRC2_2,CIRC2_3,2218.9985841,2026-01-06T18:28:08.257515+00:00,circular
CIRC2_3,CIRC2_4,2190.399659,2026-01-06T18:28:38.257515+00:00,circular
CIRC2_4,CIRC2_0,2226.6333366,2026-01-06T18:29:08.257515+00:00,circular
RETAIL72,MAKER0,16.8273601,2026-01-06T19:03:59.258381+00:00,clean
RETAIL9,MAKER4,5.7918697,2026-01-06T19:47:46.888701+00:00,clean
RETAIL32,MAKER0,53.9296909,2026-01-06T21:35:17.842148+00:00,clean
RETAIL27,MAKER1,94.9819009,2026-01-06T21:37:56.246608+00:00,clean
RETAIL36,MAKER2,139.7636648,2026-01-06T21:55:17.148819+00:00,clean
RETAIL7,MAKER3,1022.8134357,2026-01-06T22:37:02.422301+00:00,clean
RETAIL78,MAKER1,3.5440073,2026-01-06T22:42:53.011835+00:00,clean
RETAIL79,MAKER0,369.0495861,2026-01-06T22:50:12.190400+00:00,clean
RETAIL68,MAKER0,46.3775503,2026-01-06T22:52:37.250846+00:00,clean
RETAIL49,MAKER0,24.2355617,2026-01-07T00:22:01.279684+00:00,clean
RETAIL46,MAKER4,66.1992651,2026-01-07T00:36:50.602871+00:00,clean
MAKER2,RETAIL56,4.7023631,2026-01-07T00:50:41.778751+00:00,clean
RETAIL49,MAKER0,39.3548916,2026-01-07T00:57:14.227161+00:00,clean
RETAIL76,MAKER0,55.8003206,2026-01-07T04:09:11.603438+00:00,clean
RETAIL32,MAKER4,305.296055,2026-01-07T05:36:42.548813+00:00,clean
RETAIL68,MAKER1,31.3038041,2026-01-07T05:42:44.081259+00:00,clean
RETAIL34,MAKER4,568.7446602,2026-01-07T05:48:08.793344+00:00,clean
RETAIL35,MAKER2,18.4625677,2026-01-07T07:18:00.705773+00:00,clean
CIRC3_0,CIRC3_1,1164.9107473,2026-01-07T07:21:18.754163+00:00,circular
CIRC3_1,CIRC3_2,1165.3027456,2026-01-07T07:21:48.754163+00:00,circular
CIRC3_2,CIRC3_3,1159.663179,2026-01-07T07:22:18.754163+00:00,circular
CIRC3_3,CIRC3_4,1176.6316807,2026-01-07T07:22:48.754163+00:00,circular
CIRC3_4,CIRC3_5,1180.0007696,2026-01-07T07:23:18.754163+00:00,circular
CIRC3_5,CIRC3_0,1167.6823732,2026-01-07T07:23:48.754163+00:00,circular
RETAIL42,MAKER1,87.8796815,2026-01-07T07:32:49.466008+00:00,clean
RETAIL76,MAKER0,5.2129134,2026-01-07T07:36:38.578381+00:00,clean
RETAIL55,MAKER1,70.0039147,2026-01-07T09:23:53.448133+00:00,clean
RETAIL55,MAKER4,24.924309,2026-01-07T09:25:08.138183+00:00,clean
RETAIL43,MAKER3,37.9992703,2026-01-07T09:27:26.773178+00:00,clean
RETAIL19,MAKER0,42.5730802,2026-01-07T09:37:13.837360+00:00,clean
SELF4,SELF4,1163.0762323,2026-01-07T11:45:19.355294+00:00,self_matching
RETAIL70,MAKER3,77.4431198,2026-01-07T11:49:56.209042+00:00,clean
CIRC3_0,CIRC3_1,3623.2002486,2026-01-07T12:40:13.826015+00:00,circular
CIRC3_1,CIRC3_2,3608.693573,2026-01-07T12:40:43.826015+00:00,circular
CIRC3_2,CIRC3_3,3652.6439225,2026-01-07T12:41:13.826015+00:00,circular
CIRC3_3,CIRC3_4,3635.2536256,2026-01-07T12:41:43.826015+00:00,circular
CIRC3_4,CIRC3_5,3653.1610262,2026-01-07T12:42:13.826015+00:00,circular
CIRC3_5,CIRC3_0,3620.5093851,2026-01-07T12:42:43.826015+00:00,circular
RETAIL59,MAKER1,143.999212,2026-01-07T13:00:11.530037+00:00,clean
RETAIL10,MAKER4,31.9727224,2026-01-07T13:03:30.785527+00:00,clean
RETAIL55,MAKER2,34.4394754,2026-01-07T13:14:32.932071+00:00,clean
RETAIL7,MAKER3,141.2657747,2026-01-07T15:26:19.771725+00:00,clean
RETAIL12,MAKER0,12.9780086,2026-01-07T15:34:44.428191+00:00,clean
RETAIL79,MAKER2,24.0551133,2026-01-07T16:15:56.195371+00:00,clean
RETAIL49,MAKER2,62.1653504,2026-01-07T16:49:21.941729+00:00,clean
RETAIL12,MAKER4,92.1560768,2026-01-07T17:27:59.230469+00:00,clean
LAYER1_A,LAYER1_L1,1906.8889151,2026-01-07T18:16:03.570646+00:00,layering
LAYER1_L1,LAYER1_B,1903.0751373,2026-01-07T18:18:03.570646+00:00,layering
LAYER1_B,LAYER1_A,1899.2613595,2026-01-07T18:20:03.570646+00:00,layering
LAYER1_A,LAYER1_L0,7341.29082,2026-01-07T19:09:08.188799+00:00,layering
LAYER1_L0,LAYER1_B,7326.6082384,2026-01-07T19:11:08.188799+00:00,layering
LAYER1_B,LAYER1_A,7311.9256568,2026-01-07T19:13:08.188799+00:00,layering
RETAIL7,MAKER2,8.9247371,2026-01-07T19:17:09.501850+00:00,clean
RETAIL67,MAKER2,1.0562963,2026-01-07T20:06:14.786646+00:00,clean
RETAIL9,MAKER4,538.8910627,2026-01-07T22:35:39.407687+00:00,clean
RETAIL62,MAKER3,48.3793518,2026-01-07T23:49:57.337230+00:00,clean
CIRC2_0,CIRC2_1,1311.1849422,2026-01-08T01:09:36.360226+00:00,circular
CIRC2_1,CIRC2_2,1321.4565099,2026-01-08T01:10:06.360226+00:00,circular
CIRC2_2,CIRC2_3,1323.4431736,2026-01-08T01:10:36.360226+00:00,circular
CIRC2_3,CIRC2_4,1315.7523117,2026-01-08T01:11:06.360226+00:00,circular
CIRC2_4,CIRC2_0,1310.6518422,2026-01-08T01:11:36.360226+00:00,circular
RETAIL32,MAKER4,23.3762917,2026-01-08T03:34:14.339599+00:00,clean
RETAIL62,MAKER1,152.3093772,2026-01-08T03:40:18.418806+00:00,clean
RETAIL4,MAKER2,12.8738692,2026-01-08T04:10:16.097220+00:00,clean
RETAIL61,MAKER0,24.3570418,2026-01-08T04:36:39.193584+00:00,clean
RETAIL52,MAKER1,91.3178869,2026-01-08T04:52:34.836950+00:00,clean
RETAIL79,MAKER0,41.1031339,2026-01-08T04:55:07.105615+00:00,clean
RETAIL57,MAKER0,296.2976634,2026-01-08T07:15:25.499096+00:00,clean
RETAIL50,MAKER3,65.6063389,2026-01-08T09:05:54.522106+00:00,clean
RETAIL34,MAKER4,77.7573268,2026-01-08T09:18:01.658587+00:00,clean
RETAIL9,MAKER3,25.1791843,2026-01-08T10:08:56.295615+00:00,clean
RETAIL28,MAKER2,212.3801745,2026-01-08T10:48:17.233932+00:00,clean
RETAIL5,MAKER3,16.6148502,2026-01-08T10:53:42.013767+00:00,clean
RETAIL16,MAKER1,38.0554018,2026-01-08T12:02:38.084346+00:00,clean
RETAIL16,MAKER0,4.2283418,2026-01-08T12:52:50.291427+00:00,clean
RETAIL79,MAKER3,73.1362128,2026-01-08T14:09:16.417922+00:00,clean
RETAIL47,MAKER4,63.5246474,2026-01-08T17:06:03.638330+00:00,clean
RETAIL15,MAKER1,191.4606688,2026-01-08T17:11:37.546935+00:00,clean
RETAIL25,MAKER0,62.2871703,2026-01-08T17:41:25.214876+00:00,clean
RETAIL43,MAKER1,154.5056549,2026-01-08T18:33:41.104269+00:00,clean
RETAIL9,MAKER4,4.4286216,2026-01-08T19:09:45.791820+00:00,clean
RETAIL45,MAKER2,21.0265921,2026-01-08T20:50:24.202206+00:00,clean
RETAIL56,MAKER4,34.9891018,2026-01-08T21:55:47.119231+00:00,clean
RETAIL18,MAKER0,24.6607358,2026-01-08T22:26:09.291339+00:00,clean
RETAIL44,MAKER0,56.7155143,2026-01-08T22:32:48.349645+00:00,clean
RETAIL16,MAKER4,3.5150943,2026-01-08T22:54:48.180077+00:00,clean
RETAIL54,MAKER2,26.8436011,2026-01-08T23:10:32.413869+00:00,clean
RETAIL54,MAKER3,24.8757389,2026-01-09T00:07:51.673563+00:00,clean
RETAIL62,MAKER3,25.3136818,2026-01-09T03:06:19.875977+00:00,clean
SELF2,SELF2,1084.8625541,2026-01-09T03:35:21.446266+00:00,self_matching
SELF1,SELF1,1134.2702545,2026-01-09T03:35:36.905076+00:00,self_matching
RETAIL30,MAKER2,566.0615538,2026-01-09T05:21:38.330764+00:00,clean
RETAIL46,MAKER4,30.0447336,2026-01-09T05:42:31.300161+00:00,clean
RETAIL9,MAKER2,24.496096,2026-01-09T09:09:56.792583+00:00,clean
MAKER0,RETAIL15,346.9760401,2026-01-09T10:10:45.016890+00:00,clean
LAYER0_A,LAYER0_L1,2370.2126629,2026-01-09T11:28:10.871772+00:00,layering
LAYER0_L1,LAYER0_B,2365.4722376,2026-01-09T11:30:10.871772+00:00,layering
LAYER0_B,LAYER0_A,2360.7318123,2026-01-09T11:32:10.871772+00:00,layering
RETAIL22,MAKER3,33.7012698,2026-01-09T11:58:57.727254+00:00,clean
RETAIL50,MAKER1,61.4212879,2026-01-09T12:06:29.967943+00:00,clean
RETAIL2,MAKER1,78.0359175,2026-01-09T12:36:25.691609+00:00,clean
RETAIL30,MAKER2,125.4905219,2026-01-09T13:04:13.393447+00:00,clean
RETAIL79,MAKER0,67.6028986,2026-01-09T13:08:03.313813+00:00,clean
RETAIL61,MAKER1,14.8146915,2026-01-09T13:24:04.530159+00:00,clean
RETAIL27,MAKER4,37.5164714,2026-01-09T14:12:14.449065+00:00,clean
RETAIL11,MAKER3,304.0680009,2026-01-09T15:16:29.100859+00:00,clean
RETAIL72,MAKER2,44.2338779,2026-01-09T15:18:58.321337+00:00,clean
CIRC2_0,CIRC2_1,4531.2663737,2026-01-09T16:12:13.352287+00:00,circular
CIRC2_1,CIRC2_2,4478.6971319,2026-01-09T16:12:43.352287+00:00,circular
CIRC2_2,CIRC2_3,4501.6456199,2026-01-09T16:13:13.352287+00:00,circular
CIRC2_3,CIRC2_4,4491.1147339,2026-01-09T16:13:43.352287+00:00,circular
CIRC2_4,CIRC2_0,4466.3668976,2026-01-09T16:14:13.352287+00:00,circular
RETAIL49,MAKER0,11.3884135,2026-01-09T17:20:46.441861+00:00,clean
RETAIL51,MAKER0,71.0753966,2026-01-09T18:12:34.559315+00:00,clean
RETAIL21,MAKER2,1130.7526758,2026-01-09T18:31:10.453518+00:00,clean
RETAIL21,MAKER0,73.3138533,2026-01-09T19:03:47.451448+00:00,clean
RETAIL14,MAKER1,30.8953087,2026-01-09T20:00:38.758290+00:00,clean
RETAIL54,MAKER4,17.3429154,2026-01-09T22:17:42.803528+00:00,clean
RETAIL52,MAKER4,687.2365776,2026-01-09T23:15:33.669946+00:00,clean
RETAIL66,MAKER0,188.3582325,2026-01-09T23:58:59.133851+00:00,clean
RETAIL19,MAKER3,872.4809742,2026-01-10T00:17:33.381536+00:00,clean
RETAIL10,MAKER1,257.1499557,2026-01-10T01:09:46.835017+00:00,clean
RETAIL15,MAKER1,36.3501508,2026-01-10T02:15:41.548853+00:00,clean
CIRC4_0,CIRC4_1,4770.681185,2026-01-10T02:46:56.512382+00:00,circular
CIRC4_1,CIRC4_2,4771.2936825,2026-01-10T02:47:26.512382+00:00,circular
CIRC4_2,CIRC4_3,4768.4017801,2026-01-10T02:47:56.512382+00:00,circular
CIRC4_3,CIRC4_0,4769.1374484,2026-01-10T02:48:26.512382+00:00,circular
LAYER1_A,LAYER1_L1,3365.8578014,2026-01-10T03:34:17.430795+00:00,layering
LAYER1_L1,LAYER1_B,3359.1260858,2026-01-10T03:36:17.430795+00:00,layering
LAYER1_B,LAYER1_A,3352.3943702,2026-01-10T03:38:17.430795+00:00,layering
RETAIL56,MAKER2,1.3673586,2026-01-10T04:08:17.641927+00:00,clean
RETAIL32,MAKER0,2.2525554,2026-01-10T04:51:11.254626+00:00,clean
RETAIL47,MAKER0,19.2184111,2026-01-10T04:55:47.001472+00:00,clean
RETAIL54,MAKER1,64.4368592,2026-01-10T05:45:39.910938+00:00,clean
RETAIL53,MAKER3,1.2547927,2026-01-10T06:10:09.175366+00:00,clean
RETAIL78,MAKER1,66.0917392,2026-01-10T06:41:06.053707+00:00,clean
RETAIL23,MAKER1,8.3028265,2026-01-10T06:49:07.250452+00:00,clean
RETAIL68,MAKER3,1386.0134422,2026-01-10T07:06:53.866885+00:00,clean
RETAIL35,MAKER4,84.2577564,2026-01-10T07:51:36.734473+00:00,clean
RETAIL53,MAKER3,56.7070898,2026-01-10T08:01:34.092664+00:00,clean
RETAIL9,MAKER0,71.2567205,2026-01-10T08:54:02.010301+00:00,clean
RETAIL47,MAKER0,73.1907274,2026-01-10T09:23:21.086111+00:00,clean
RETAIL64,MAKER3,743.161602,2026-01-10T10:26:10.437624+00:00,clean
RETAIL24,MAKER1,10.1778727,2026-01-10T11:22:06.294797+00:00,clean
RETAIL3,MAKER3,3011.7800052,2026-01-10T11:34:34.293612+00:00,clean
RETAIL19,MAKER1,15.6528227,2026-01-10T12:18:27.637779+00:00,clean
RETAIL25,MAKER2,25.6808807,2026-01-10T13:28:17.835475+00:00,clean
RETAIL47,MAKER1,9.4736246,2026-01-10T14:45:06.192274+00:00,clean
RETAIL24,MAKER4,55.6949097,2026-01-10T15:06:53.340617+00:00,clean
RETAIL42,MAKER1,49.8896539,2026-01-10T15:30:51.997391+00:00,clean
RETAIL7,MAKER1,174.5470033,2026-01-10T16:46:57.409683+00:00,clean
RETAIL26,MAKER3,26.7381097,2026-01-10T17:13:16.524979+00:00,clean
MAKER2,RETAIL54,299.4498564,2026-01-10T17:25:31.860331+00:00,clean
RETAIL9,MAKER4,53.865009,2026-01-10T18:32:45.653757+00:00,clean
RETAIL49,MAKER1,36.85829,2026-01-10T21:16:47.668336+00:00,clean
RETAIL47,MAKER4,31.9430369,2026-01-10T21:42:33.142669+00:00,clean
RETAIL45,MAKER4,129.4020361,2026-01-10T22:08:31.129073+00:00,clean
RETAIL53,MAKER4,23.2459883,2026-01-10T22:24:53.366425+00:00,clean
RETAIL50,MAKER0,51.4323696,2026-01-10T22:46:27.216950+00:00,clean
RETAIL72,MAKER0,25.9667159,2026-01-10T23:29:13.986363+00:00,clean
RETAIL53,MAKER1,17.459412,2026-01-11T01:30:01.634020+00:00,clean
RETAIL70,MAKER4,135.4698274,2026-01-11T01:57:13.989446+00:00,clean
LAYER1_A,LAYER1_L1,4756.1922329,2026-01-11T03:34:07.308298+00:00,layering
LAYER1_L1,LAYER1_B,4746.6798485,2026-01-11T03:36:07.308298+00:00,layering
LAYER1_B,LAYER1_A,4737.167464,2026-01-11T03:38:07.308298+00:00,layering
RETAIL67,MAKER4,22.8539023,2026-01-11T03:58:21.414484+00:00,clean
RETAIL7,MAKER4,82.1035445,2026-01-11T04:07:48.229723+00:00,clean
RETAIL64,MAKER3,356.5549796,2026-01-11T04:49:19.104613+00:00,clean
RETAIL19,MAKER2,272.4501737,2026-01-11T05:44:39.164752+00:00,clean
RETAIL33,MAKER0,2.6897821,2026-01-11T05:49:23.500308+00:00,clean
RETAIL41,MAKER0,8.9988763,2026-01-11T06:30:17.911900+00:00,clean
RETAIL57,MAKER0,232.4599363,2026-01-11T06:54:54.598876+00:00,clean
RETAIL49,MAKER0,9.6191806,2026-01-11T07:53:41.842753+00:00,clean
RETAIL19,MAKER4,12.1539937,2026-01-11T08:15:48.044962+00:00,clean
RETAIL14,MAKER0,170.6538376,2026-01-11T09:40:58.081099+00:00,clean
RETAIL54,MAKER4,8.0477877,2026-01-11T10:00:59.598778+00:00,clean
CIRC0_0,CIRC0_1,882.1631448,2026-01-11T10:54:12.846961+00:00,circular
CIRC0_1,CIRC0_2,887.6678875,2026-01-11T10:54:42.846961+00:00,circular
CIRC0_2,CIRC0_3,878.9432657,2026-01-11T10:55:12.846961+00:00,circular
CIRC0_3,CIRC0_4,887.9233893,2026-01-11T10:55:42.846961+00:00,circular
CIRC0_4,CIRC0_0,894.6981844,2026-01-11T10:56:12.846961+00:00,circular
RETAIL15,MAKER4,90.4700904,2026-01-11T11:00:54.360541+00:00,clean
MAKER4,RETAIL35,147.9525484,2026-01-11T11:18:29.404180+00:00,clean
CIRC0_0,CIRC0_1,1100.181183,2026-01-11T11:29:03.334114+00:00,circular
CIRC0_1,CIRC0_2,1100.8457635,2026-01-11T11:29:33.334114+00:00,circular
CIRC0_2,CIRC0_3,1100.6114744,2026-01-11T11:30:03.334114+00:00,circular
CIRC0_3,CIRC0_4,1103.2881367,2026-01-11T11:30:33.334114+00:00,circular
CIRC0_4,CIRC0_0,1090.5595627,2026-01-11T11:31:03.334114+00:00,circular
RETAIL75,MAKER1,15.6012708,2026-01-11T13:10:07.867810+00:00,clean
RETAIL35,MAKER3,81.8672537,2026-01-11T13:31:18.248737+00:00,clean
RETAIL31,MAKER2,64.4663982,2026-01-11T14:07:35.926429+00:00,clean
RETAIL17,MAKER1,391.6784573,2026-01-11T14:15:17.409026+00:00,clean
RETAIL32,MAKER1,17.1166933,2026-01-11T14:46:05.724590+00:00,clean
LAYER2_A,LAYER2_L0,1506.8986631,2026-01-11T15:11:24.808119+00:00,layering
LAYER2_L0,LAYER2_B,1503.8848657,2026-01-11T15:13:24.808119+00:00,layering
LAYER2_B,LAYER2_A,1500.8710684,2026-01-11T15:15:24.808119+00:00,layering
RETAIL17,MAKER3,187.1264511,2026-01-11T15:25:02.069347+00:00,clean
RETAIL19,MAKER2,53.2919447,2026-01-11T15:43:42.720729+00:00,clean
RETAIL45,MAKER3,9.3384652,2026-01-11T15:44:46.389848+00:00,clean
RETAIL16,MAKER4,11.3324389,2026-01-11T15:56:26.020098+00:00,clean
RETAIL42,MAKER3,187.7699066,2026-01-11T17:01:23.593801+00:00,clean
RETAIL17,MAKER2,97.9614891,2026-01-11T17:44:37.477608+00:00,clean
RETAIL55,MAKER0,94.9293054,2026-01-11T18:59:43.597347+00:00,clean
RETAIL76,MAKER1,80.2755919,2026-01-11T19:26:55.572370+00:00,clean
RETAIL72,MAKER1,482.7743815,2026-01-11T19:39:42.234381+00:00,clean
MAKER4,RETAIL70,216.2664954,2026-01-11T20:25:58.280784+00:00,clean
RETAIL21,MAKER0,149.4378028,2026-01-11T21:33:04.424797+00:00,clean
RETAIL21,MAKER0,439.1800625,2026-01-11T23:25:44.592260+00:00,clean
RETAIL61,MAKER2,58.3672282,2026-01-11T23:41:08.481365+00:00,clean
SELF2,SELF2,447.9049858,2026-01-12T00:04:29.810751+00:00,self_matching
LAYER1_A,LAYER1_L1,1126.5738658,2026-01-12T00:16:29.499894+00:00,layering
LAYER1_L1,LAYER1_B,1124.3207181,2026-01-12T00:18:29.499894+00:00,layering
LAYER1_B,LAYER1_A,1122.0675703,2026-01-12T00:20:29.499894+00:00,layering
RETAIL76,MAKER0,5.9554918,2026-01-12T00:43:41.329345+00:00,clean
SELF4,SELF4,237.8375893,2026-01-12T01:16:15.070674+00:00,self_matching
RETAIL64,MAKER1,710.528166,2026-01-12T01:50:03.760591+00:00,clean
RETAIL64,MAKER1,129.5838705,2026-01-12T02:58:48.976001+00:00,clean
RETAIL39,MAKER4,77.9541156,2026-01-12T03:50:49.602543+00:00,clean
RETAIL46,MAKER4,103.0804491,2026-01-12T04:05:46.631034+00:00,clean
RETAIL24,MAKER3,3.4561616,2026-01-12T05:18:32.759251+00:00,clean
RETAIL67,MAKER2,29.6989459,2026-01-12T05:44:50.923320+00:00,clean
RETAIL19,MAKER3,0.2714285,2026-01-12T05:58:10.818713+00:00,clean
RETAIL46,MAKER3,62.3000341,2026-01-12T09:10:12.802661+00:00,clean
RETAIL31,MAKER0,43.5318368,2026-01-12T09:17:05.545546+00:00,clean
RETAIL7,MAKER1,148.4615235,2026-01-12T09:41:36.156856+00:00,clean
RETAIL57,MAKER4,713.0938593,2026-01-12T10:49:11.052542+00:00,clean
RETAIL4,MAKER3,121.6063375,2026-01-12T11:38:35.784341+00:00,clean
RETAIL4,MAKER1,105.668961,2026-01-12T12:53:01.488271+00:00,clean
RETAIL46,MAKER1,807.3053237,2026-01-12T13:27:25.958907+00:00,clean
RETAIL22,MAKER3,13.5466166,2026-01-12T14:53:48.691642+00:00,clean
MAKER1,RETAIL62,237.1610218,2026-01-12T14:53:49.891275+00:00,clean
RETAIL78,MAKER4,9.0074996,2026-01-12T15:01:01.022324+00:00,clean
SELF0,SELF0,1346.1305609,2026-01-12T15:12:44.385900+00:00,self_matching
CIRC1_0,CIRC1_1,4031.3838758,2026-01-12T15:21:41.030214+00:00,circular
CIRC1_1,CIRC1_2,3986.4629151,2026-01-12T15:22:11.030214+00:00,circular
CIRC1_2,CIRC1_3,3977.4160445,2026-01-12T15:22:41.030214+00:00,circular
CIRC1_3,CIRC1_0,3971.9266502,2026-01-12T15:23:11.030214+00:00,circular
RETAIL3,MAKER3,193.879426,2026-01-12T16:54:57.486282+00:00,clean
MAKER0,RETAIL57,207.1534734,2026-01-12T18:27:32.837051+00:00,clean
RETAIL55,MAKER3,183.0663989,2026-01-12T18:39:01.343805+00:00,clean
RETAIL25,MAKER4,46.6094925,2026-01-12T19:02:42.597322+00:00,clean
RETAIL64,MAKER1,3.8262936,2026-01-12T19:42:02.573649+00:00,clean
SELF0,SELF0,1881.1882702,2026-01-12T20:36:50.972849+00:00,self_matching
RETAIL33,MAKER2,32.1240579,2026-01-12T21:08:21.682635+00:00,clean
RETAIL30,MAKER4,305.1429188,2026-01-12T21:26:49.731188+00:00,clean
RETAIL66,MAKER2,59.4414751,2026-01-12T21:29:35.046957+00:00,clean
RETAIL19,MAKER0,69.0769503,2026-01-12T23:11:32.660746+00:00,clean
RETAIL57,MAKER1,258.3222181,2026-01-13T00:09:20.034658+00:00,clean
RETAIL33,MAKER2,198.8187325,2026-01-13T02:18:04.217251+00:00,clean
RETAIL1,MAKER1,36.0585455,2026-01-13T03:22:56.460968+00:00,clean
RETAIL3,MAKER2,14.8616693,2026-01-13T04:28:14.415172+00:00,clean
RETAIL59,MAKER3,131.4473401,2026-01-13T06:26:20.571851+00:00,clean
RETAIL9,MAKER2,22.8646747,2026-01-13T06:28:34.769922+00:00,clean
RETAIL56,MAKER4,2056.9372148,2026-01-13T06:30:00.699169+00:00,clean
RETAIL46,MAKER0,125.7686272,2026-01-13T07:13:07.623992+00:00,clean
RETAIL64,MAKER4,64.120318,2026-01-13T08:49:31.222252+00:00,clean
CIRC2_0,CIRC2_1,2088.1285283,2026-01-13T10:00:17.557846+00:00,circular
CIRC2_1,CIRC2_2,2057.8994837,2026-01-13T10:00:47.557846+00:00,circular
CIRC2_2,CIRC2_3,2058.9304538,2026-01-13T10:01:17.557846+00:00,circular
CIRC2_3,CIRC2_4,2066.2515311,2026-01-13T10:01:47.557846+00:00,circular
CIRC2_4,CIRC2_0,2083.983154,2026-01-13T10:02:17.557846+00:00,circular
RETAIL48,MAKER0,94.6986785,2026-01-13T10:34:39.446298+00:00,clean
RETAIL46,MAKER3,29.384975,2026-01-13T10:43:21.925466+00:00,clean
LAYER3_A,LAYER3_L2,2245.2991895,2026-01-13T12:03:11.375702+00:00,layering
LAYER3_L2,LAYER3_B,2240.8085911,2026-01-13T12:05:11.375702+00:00,layering
LAYER3_B,LAYER3_A,2236.3179927,2026-01-13T12:07:11.375702+00:00,layering
SELF1,SELF1,1550.9915904,2026-01-13T12:41:49.746846+00:00,self_matching
RETAIL27,MAKER2,70.7880584,2026-01-13T13:08:57.750949+00:00,clean
RETAIL45,MAKER4,397.6509999,2026-01-13T13:47:14.553867+00:00,clean
RETAIL53,MAKER0,617.2939166,2026-01-13T14:54:21.301662+00:00,clean
RETAIL38,MAKER4,20.4080271,2026-01-13T15:13:20.904984+00:00,clean
RETAIL20,MAKER0,14.2082873,2026-01-13T15:31:53.112768+00:00,clean
RETAIL42,MAKER2,69.5299323,2026-01-13T16:43:35.932053+00:00,clean
RETAIL79,MAKER0,19.8849055,2026-01-13T16:59:07.662142+00:00,clean
RETAIL70,MAKER0,77.8416327,2026-01-13T17:10:20.592841+00:00,clean
RETAIL59,MAKER2,34.8698493,2026-01-13T18:00:02.225252+00:00,clean
RETAIL61,MAKER1,18.4963336,2026-01-13T18:35:47.310796+00:00,clean
RETAIL24,MAKER2,21.344915,2026-01-13T18:41:02.358586+00:00,clean
RETAIL75,MAKER4,143.1911544,2026-01-13T19:15:56.129665+00:00,clean
RETAIL49,MAKER1,91.820387,2026-01-13T21:29:53.233964+00:00,clean
SELF1,SELF1,1671.5653967,2026-01-13T22:03:23.407262+00:00,self_matching
RETAIL35,MAKER1,119.5370212,2026-01-13T22:06:22.197152+00:00,clean
LAYER1_A,LAYER1_L0,3068.1787773,2026-01-13T22:27:37.130269+00:00,layering
LAYER1_L0,LAYER1_B,3062.0424197,2026-01-13T22:29:37.130269+00:00,layering
LAYER1_B,LAYER1_A,3055.9060622,2026-01-13T22:31:37.130269+00:00,layering
CIRC4_0,CIRC4_1,1515.9358598,2026-01-13T22:35:00.644366+00:00,circular
CIRC4_1,CIRC4_2,1506.0056146,2026-01-13T22:35:30.644366+00:00,circular
CIRC4_2,CIRC4_3,1505.9738983,2026-01-13T22:36:00.644366+00:00,circular
CIRC4_3,CIRC4_0,1513.620583,2026-01-13T22:36:30.644366+00:00,circular
RETAIL19,MAKER2,34.8891829,2026-01-14T01:20:11.269021+00:00,clean
SELF2,SELF2,135.539249,2026-01-14T02:06:14.224868+00:00,self_matching
RETAIL57,MAKER4,144.187231,2026-01-14T02:27:29.261505+00:00,clean
RETAIL30,MAKER2,8.6602256,2026-01-14T04:47:24.047755+00:00,clean
CIRC3_0,CIRC3_1,4745.6542735,2026-01-14T04:57:19.973291+00:00,circular
CIRC3_1,CIRC3_2,4783.5618741,2026-01-14T04:57:49.973291+00:00,circular
CIRC3_2,CIRC3_3,4734.2256838,2026-01-14T04:58:19.973291+00:00,circular
CIRC3_3,CIRC3_4,4782.1220229,2026-01-14T04:58:49.973291+00:00,circular
CIRC3_4,CIRC3_5,4825.1743904,2026-01-14T04:59:19.973291+00:00,circular
CIRC3_5,CIRC3_0,4814.1648458,2026-01-14T04:59:49.973291+00:00,circular
RETAIL39,MAKER4,24.6405996,2026-01-14T05:47:05.551344+00:00,clean
RETAIL26,MAKER1,363.7868052,2026-01-14T05:47:49.482878+00:00,clean
RETAIL58,MAKER2,111.1628382,2026-01-14T06:03:07.281488+00:00,clean
LAYER3_A,LAYER3_L3,2441.1008286,2026-01-14T06:39:05.413462+00:00,layering
LAYER3_L3,LAYER3_B,2436.2186269,2026-01-14T06:41:05.413462+00:00,layering
LAYER3_B,LAYER3_A,2431.3364253,2026-01-14T06:43:05.413462+00:00,layering
SELF4,SELF4,1008.2690043,2026-01-14T07:58:16.545171+00:00,self_matching
RETAIL42,MAKER3,70.3527611,2026-01-14T08:46:23.402462+00:00,clean
RETAIL73,MAKER0,1519.2776518,2026-01-14T08:46:54.748275+00:00,clean
RETAIL70,MAKER1,5.8007513,2026-01-14T08:47:15.461350+00:00,clean
RETAIL72,MAKER2,52.2141516,2026-01-14T09:13:56.826669+00:00,clean
RETAIL63,MAKER0,54.4766986,2026-01-14T09:19:05.199381+00:00,clean
RETAIL10,MAKER2,46.4123836,2026-01-14T09:41:18.112075+00:00,clean
RETAIL26,MAKER0,5.3113603,2026-01-14T13:40:49.326219+00:00,clean
RETAIL78,MAKER0,60.5933829,2026-01-14T13:53:26.160071+00:00,clean
RETAIL62,MAKER4,94.8538516,2026-01-14T14:59:42.258959+00:00,clean
RETAIL45,MAKER2,79.8199755,2026-01-14T15:57:20.470672+00:00,clean
RETAIL38,MAKER4,174.458716,2026-01-14T19:32:31.163840+00:00,clean
RETAIL8,MAKER2,332.4928961,2026-01-14T19:45:44.862535+00:00,clean
RETAIL30,MAKER2,75.1285407,2026-01-14T19:50:09.851417+00:00,clean
RETAIL66,MAKER1,22.5662522,2026-01-14T20:27:50.486366+00:00,clean
SELF2,SELF2,1590.1177032,2026-01-14T21:15:54.449741+00:00,self_matching
RETAIL57,MAKER0,60.0203233,2026-01-14T21:52:21.401532+00:00,clean
RETAIL29,MAKER4,16.2589475,2026-01-14T22:02:12.746400+00:00,clean
RETAIL31,MAKER3,48.3253279,2026-01-14T22:15:31.985706+00:00,clean
RETAIL44,MAKER1,34.7544102,2026-01-14T22:25:29.907871+00:00,clean
RETAIL10,MAKER3,38.1380386,2026-01-14T22:59:47.968935+00:00,clean
RETAIL2,MAKER3,65.5931729,2026-01-14T23:26:46.600707+00:00,clean
RETAIL33,MAKER1,26.8685554,2026-01-15T00:14:59.906771+00:00,clean
RETAIL37,MAKER0,601.8319053,2026-01-15T01:19:42.212010+00:00,clean
RETAIL37,MAKER3,35.7356802,2026-01-15T01:26:05.274788+00:00,clean
RETAIL13,MAKER4,983.3531296,2026-01-15T02:02:05.715028+00:00,clean
RETAIL3,MAKER1,30.7874679,2026-01-15T03:58:21.154662+00:00,clean
RETAIL67,MAKER3,19.7520735,2026-01-15T04:23:36.845881+00:00,clean
RETAIL70,MAKER3,16.5879214,2026-01-15T04:36:32.252047+00:00,clean
RETAIL75,MAKER1,145.6266617,2026-01-15T05:12:08.938833+00:00,clean
RETAIL0,MAKER4,231.6670959,2026-01-15T05:49:39.575038+00:00,clean
RETAIL6,MAKER1,22.0547925,2026-01-15T06:13:08.538415+00:00,clean
RETAIL20,MAKER1,42.4790931,2026-01-15T06:19:22.286415+00:00,clean
RETAIL76,MAKER2,216.5698162,2026-01-15T10:06:47.599092+00:00,clean
RETAIL18,MAKER0,25.011384,2026-01-15T12:44:48.672932+00:00,clean
RETAIL23,MAKER4,13.0215841,2026-01-15T13:01:44.331014+00:00,clean
CIRC0_0,CIRC0_1,3308.568138,2026-01-15T13:47:55.313634+00:00,circular
CIRC0_1,CIRC0_2,3343.5270524,2026-01-15T13:48:25.313634+00:00,circular
CIRC0_2,CIRC0_3,3307.7488553,2026-01-15T13:48:55.313634+00:00,circular
CIRC0_3,CIRC0_4,3319.1970663,2026-01-15T13:49:25.313634+00:00,circular
CIRC0_4,CIRC0_0,3341.5993616,2026-01-15T13:49:55.313634+00:00,circular
RETAIL37,MAKER3,160.313445,2026-01-15T15:36:25.949081+00:00,clean
RETAIL51,MAKER0,312.1301485,2026-01-15T15:38:55.550720+00:00,clean
RETAIL52,MAKER2,217.6272957,2026-01-15T16:07:05.358083+00:00,clean
RETAIL35,MAKER1,364.3034116,2026-01-15T16:26:50.088567+00:00,clean
RETAIL14,MAKER0,12.0465863,2026-01-15T17:00:36.101012+00:00,clean
RETAIL27,MAKER2,94.532981,2026-01-15T17:31:29.972841+00:00,clean
RETAIL69,MAKER1,612.6974521,2026-01-15T17:42:59.184555+00:00,clean
RETAIL7,MAKER1,2.0288504,2026-01-15T20:54:03.029155+00:00,clean
RETAIL48,MAKER4,113.3220506,2026-01-15T21:56:50.708617+00:00,clean
RETAIL3,MAKER1,269.7400642,2026-01-15T22:28:45.575093+00:00,clean
RETAIL35,MAKER4,112.1233642,2026-01-15T22:28:55.478603+00:00,clean
RETAIL4,MAKER0,73.6065152,2026-01-15T22:39:54.160576+00:00,clean
RETAIL67,MAKER2,24.6382617,2026-01-16T03:16:30.761025+00:00,clean
RETAIL30,MAKER1,89.6742692,2026-01-16T03:26:15.911999+00:00,clean
LAYER2_A,LAYER2_L2,2556.8559279,2026-01-16T04:54:23.232397+00:00,layering
LAYER2_L2,LAYER2_B,2551.742216,2026-01-16T04:56:23.232397+00:00,layering
LAYER2_B,LAYER2_A,2546.6285042,2026-01-16T04:58:23.232397+00:00,layering
RETAIL15,MAKER1,4.760995,2026-01-16T05:32:47.238788+00:00,clean
RETAIL35,MAKER3,96.7650162,2026-01-16T06:14:02.346429+00:00,clean
SELF0,SELF0,1232.1534869,2026-01-16T06:56:38.408387+00:00,self_matching
RETAIL58,MAKER0,365.3663758,2026-01-16T07:03:46.069198+00:00,clean
RETAIL64,MAKER0,718.337526,2026-01-16T07:06:59.272236+00:00,clean
RETAIL45,MAKER3,8.6318537,2026-01-16T07:17:35.004819+00:00,clean
RETAIL16,MAKER3,443.8524225,2026-01-16T08:46:39.490954+00:00,clean
RETAIL32,MAKER4,17.3927595,2026-01-16T10:19:18.731405+00:00,clean
MAKER2,RETAIL76,12.9628667,2026-01-16T10:22:12.695957+00:00,clean
RETAIL38,MAKER0,40.181815,2026-01-16T10:31:40.090593+00:00,clean
RETAIL76,MAKER0,14.4207023,2026-01-16T10:55:32.062644+00:00,clean
RETAIL36,MAKER0,6.0207733,2026-01-16T11:04:28.958238+00:00,clean
RETAIL48,MAKER1,48.8779614,2026-01-16T11:41:13.207657+00:00,clean
RETAIL41,MAKER4,25.5695507,2026-01-16T12:14:17.157790+00:00,clean
RETAIL16,MAKER3,1428.1167577,2026-01-16T13:08:29.873508+00:00,clean
RETAIL13,MAKER1,154.7741005,2026-01-16T13:08:44.974121+00:00,clean
RETAIL28,MAKER0,31.6309196,2026-01-16T13:17:26.206346+00:00,clean
RETAIL16,MAKER1,4.8898184,2026-01-16T13:50:18.174649+00:00,clean
RETAIL30,MAKER0,370.4021108,2026-01-16T15:04:08.516378+00:00,clean
RETAIL46,MAKER4,47.7908938,2026-01-16T15:22:26.264480+00:00,clean
RETAIL72,MAKER2,166.0626547,2026-01-16T15:27:25.610453+00:00,clean
RETAIL43,MAKER2,4.9040042,2026-01-16T16:47:31.467490+00:00,clean
RETAIL46,MAKER0,53.5885705,2026-01-16T18:07:38.164055+00:00,clean
RETAIL35,MAKER2,43.6381956,2026-01-16T19:40:25.389453+00:00,clean
RETAIL57,MAKER0,19.1532556,2026-01-16T20:22:36.957587+00:00,clean
RETAIL43,MAKER1,14.5560917,2026-01-16T20:31:06.839493+00:00,clean
LAYER2_A,LAYER2_L0,6611.400141,2026-01-16T20:39:49.333601+00:00,layering
LAYER2_L0,LAYER2_B,6598.1773407,2026-01-16T20:41:49.333601+00:00,layering
LAYER2_B,LAYER2_A,6584.9545404,2026-01-16T20:43:49.333601+00:00,layering
RETAIL44,MAKER0,25.3869793,2026-01-16T21:33:03.132181+00:00,clean
RETAIL56,MAKER2,11.4126491,2026-01-16T22:05:55.441867+00:00,clean
RETAIL55,MAKER1,64.3908141,2026-01-16T22:53:24.511115+00:00,clean
RETAIL65,MAKER4,114.5618926,2026-01-16T23:52:10.297108+00:00,clean
RETAIL31,MAKER1,217.3211959,2026-01-17T02:32:58.099400+00:00,clean
RETAIL42,MAKER2,798.6073339,2026-01-17T02:35:47.027169+00:00,clean
RETAIL55,MAKER0,46.4522319,2026-01-17T03:15:40.606169+00:00,clean
RETAIL61,MAKER2,14.5740074,2026-01-17T06:22:14.015974+00:00,clean
RETAIL78,MAKER3,42.0667029,2026-01-17T07:22:59.177178+00:00,clean
RETAIL39,MAKER3,50.8749304,2026-01-17T07:53:44.901312+00:00,clean
RETAIL70,MAKER4,48.3488346,2026-01-17T10:29:47.464123+00:00,clean
RETAIL39,MAKER1,27.0881283,2026-01-17T10:38:31.120781+00:00,clean
RETAIL36,MAKER0,122.355109,2026-01-17T10:44:50.381001+00:00,clean
RETAIL3,MAKER4,98.9321793,2026-01-17T11:26:39.360103+00:00,clean
RETAIL3,MAKER3,45.5433646,2026-01-17T12:16:41.917463+00:00,clean
CIRC4_0,CIRC4_1,888.7275861,2026-01-17T12:21:10.004443+00:00,circular
CIRC4_1,CIRC4_2,886.4802069,2026-01-17T12:21:40.004443+00:00,circular
CIRC4_2,CIRC4_3,885.9131813,2026-01-17T12:22:10.004443+00:00,circular
CIRC4_3,CIRC4_0,881.1159049,2026-01-17T12:22:40.004443+00:00,circular
RETAIL77,MAKER2,1.4457236,2026-01-17T12:54:37.225114+00:00,clean
SELF1,SELF1,1648.5893616,2026-01-17T13:29:05.633501+00:00,self_matching
RETAIL76,MAKER0,281.7885189,2026-01-17T14:54:17.997059+00:00,clean
RETAIL41,MAKER1,9.7074897,2026-01-17T15:03:26.193166+00:00,clean
RETAIL61,MAKER2,13.2238637,2026-01-17T15:26:50.190401+00:00,clean
RETAIL12,MAKER3,315.2942902,2026-01-17T15:43:46.874599+00:00,clean
RETAIL57,MAKER4,35.6652042,2026-01-17T18:54:02.225864+00:00,clean
RETAIL62,MAKER1,20.1589179,2026-01-17T20:42:51.508208+00:00,clean
RETAIL47,MAKER1,156.0373232,2026-01-17T22:22:40.522603+00:00,clean
RETAIL14,MAKER0,3.8888724,2026-01-17T22:56:50.258382+00:00,clean
RETAIL37,MAKER0,340.431194,2026-01-18T00:08:45.655943+00:00,clean
RETAIL20,MAKER3,357.9595611,2026-01-18T00:36:19.135822+00:00,clean
RETAIL73,MAKER1,147.5322852,2026-01-18T02:18:51.152826+00:00,clean
RETAIL14,MAKER1,29.1431066,2026-01-18T02:38:42.513977+00:00,clean
RETAIL47,MAKER0,4.5790613,2026-01-18T03:08:17.914032+00:00,clean
RETAIL27,MAKER2,17.5322095,2026-01-18T03:21:52.883433+00:00,clean
RETAIL55,MAKER1,1.2838175,2026-01-18T05:04:49.072950+00:00,clean
RETAIL14,MAKER0,20.6677226,2026-01-18T05:40:10.043288+00:00,clean
RETAIL67,MAKER1,832.8551195,2026-01-18T05:55:20.242798+00:00,clean
CIRC4_0,CIRC4_1,1681.4983158,2026-01-18T07:30:49.394072+00:00,circular
CIRC4_1,CIRC4_2,1664.5259605,2026-01-18T07:31:19.394072+00:00,circular
CIRC4_2,CIRC4_3,1680.848669,2026-01-18T07:31:49.394072+00:00,circular
CIRC4_3,CIRC4_0,1682.5488411,2026-01-18T07:32:19.394072+00:00,circular
SELF4,SELF4,959.4570053,2026-01-18T07:38:18.965504+00:00,self_matching
RETAIL12,MAKER2,11.8469896,2026-01-18T07:41:58.446885+00:00,clean
RETAIL76,MAKER3,1.4808902,2026-01-18T07:58:52.233082+00:00,clean
RETAIL49,MAKER1,16.0140676,2026-01-18T08:43:37.792486+00:00,clean
RETAIL15,MAKER2,9.1279846,2026-01-18T09:00:08.035639+00:00,clean
RETAIL2,MAKER0,7.8691957,2026-01-18T10:39:36.377133+00:00,clean
RETAIL64,MAKER3,805.0680556,2026-01-18T11:17:38.375402+00:00,clean
RETAIL74,MAKER2,3.2937573,2026-01-18T14:17:46.013650+00:00,clean
RETAIL41,MAKER1,137.0003244,2026-01-18T15:35:13.604476+00:00,clean
RETAIL41,MAKER1,27.8793551,2026-01-18T16:14:26.851805+00:00,clean
CIRC1_0,CIRC1_1,939.6457045,2026-01-18T19:15:59.254012+00:00,circular
CIRC1_1,CIRC1_2,940.6712535,2026-01-18T19:16:29.254012+00:00,circular
CIRC1_2,CIRC1_3,938.3702965,2026-01-18T19:16:59.254012+00:00,circular
CIRC1_3,CIRC1_0,939.0329414,2026-01-18T19:17:29.254012+00:00,circular
RETAIL49,MAKER1,49.2640962,2026-01-18T20:49:44.165109+00:00,clean
MAKER0,RETAIL9,89.1111178,2026-01-18T23:35:05.373123+00:00,clean
MAKER0,RETAIL68,7.3518755,2026-01-18T23:54:59.309537+00:00,clean
MAKER0,RETAIL64,72.6065207,2026-01-19T00:48:38.949139+00:00,clean
RETAIL22,MAKER1,23.0595548,2026-01-19T00:49:07.904978+00:00,clean
RETAIL13,MAKER2,6.7193137,2026-01-19T00:53:10.547603+00:00,clean
RETAIL37,MAKER2,79.7844302,2026-01-19T01:53:24.313724+00:00,clean
RETAIL70,MAKER1,200.9820011,2026-01-19T02:06:12.649328+00:00,clean
RETAIL32,MAKER4,78.7916583,2026-01-19T02:15:06.853923+00:00,clean
RETAIL2,MAKER1,87.383111,2026-01-19T02:25:23.998937+00:00,clean
RETAIL67,MAKER4,39.767343,2026-01-19T02:38:21.959963+00:00,clean
SELF2,SELF2,1157.3036873,2026-01-19T03:06:57.464166+00:00,self_matching
RETAIL65,MAKER1,3024.5001928,2026-01-19T03:43:35.789711+00:00,clean
SELF0,SELF0,295.2669017,2026-01-19T03:49:19.321702+00:00,self_matching
RETAIL35,MAKER4,11.685113,2026-01-19T05:19:07.558588+00:00,clean
CIRC2_0,CIRC2_1,789.4821681,2026-01-19T06:41:45.162824+00:00,circular
CIRC2_1,CIRC2_2,793.7353383,2026-01-19T06:42:15.162824+00:00,circular
CIRC2_2,CIRC2_3,795.3724995,2026-01-19T06:42:45.162824+00:00,circular
CIRC2_3,CIRC2_4,791.638297,2026-01-19T06:43:15.162824+00:00,circular
CIRC2_4,CIRC2_0,795.9334408,2026-01-19T06:43:45.162824+00:00,circular
RETAIL30,MAKER3,91.5150504,2026-01-19T07:09:57.149535+00:00,clean
RETAIL7,MAKER3,395.9423472,2026-01-19T07:16:14.822658+00:00,clean
RETAIL11,MAKER2,21.2640345,2026-01-19T07:31:12.508919+00:00,clean
RETAIL59,MAKER1,77.6925844,2026-01-19T07:37:59.790849+00:00,clean
RETAIL47,MAKER4,22.4518831,2026-01-19T07:43:22.821403+00:00,clean
RETAIL61,MAKER4,38.9073125,2026-01-19T08:01:20.646154+00:00,clean
RETAIL28,MAKER1,932.1048654,2026-01-19T08:57:07.163663+00:00,clean
RETAIL58,MAKER4,276.8928017,2026-01-19T09:13:14.843140+00:00,clean
RETAIL42,MAKER3,128.994811,2026-01-19T10:03:23.987770+00:00,clean
RETAIL65,MAKER3,200.346746,2026-01-19T10:35:53.881497+00:00,clean
RETAIL3,MAKER3,35.824819,2026-01-19T10:44:17.276432+00:00,clean
RETAIL58,MAKER4,39.0410264,2026-01-19T10:51:37.598259+00:00,clean
CIRC2_0,CIRC2_1,1789.781374,2026-01-19T11:01:07.899925+00:00,circular
CIRC2_1,CIRC2_2,1808.3943977,2026-01-19T11:01:37.899925+00:00,circular
CIRC2_2,CIRC2_3,1793.3183685,2026-01-19T11:02:07.899925+00:00,circular
CIRC2_3,CIRC2_4,1781.4766037,2026-01-19T11:02:37.899925+00:00,circular
CIRC2_4,CIRC2_0,1789.9157595,2026-01-19T11:03:07.899925+00:00,circular
RETAIL12,MAKER1,291.4709886,2026-01-19T11:04:08.492487+00:00,clean
RETAIL11,MAKER2,18.6064773,2026-01-19T11:25:25.294491+00:00,clean
SELF1,SELF1,1805.6376023,2026-01-19T11:57:11.626482+00:00,self_matching
RETAIL46,MAKER2,38.6470028,2026-01-19T12:51:36.931378+00:00,clean
RETAIL14,MAKER2,6.9879843,2026-01-19T13:09:31.020221+00:00,clean
RETAIL66,MAKER2,8.4335616,2026-01-19T13:29:46.362919+00:00,clean
SELF0,SELF0,261.346574,2026-01-19T14:00:41.855337+00:00,self_matching
RETAIL10,MAKER1,78.8269455,2026-01-19T15:09:29.603434+00:00,clean
RETAIL2,MAKER2,8.8246458,2026-01-19T15:13:42.747037+00:00,clean
RETAIL39,MAKER0,488.3677607,2026-01-19T15:14:33.468227+00:00,clean
RETAIL46,MAKER1,73.9403854,2026-01-19T16:22:36.359919+00:00,clean
SELF0,SELF0,364.5763846,2026-01-19T17:41:51.853557+00:00,self_matching
RETAIL43,MAKER0,6.498242,2026-01-19T17:44:00.664402+00:00,clean
RETAIL1,MAKER0,304.0223511,2026-01-19T18:19:22.030938+00:00,clean
MAKER0,RETAIL2,135.6817679,2026-01-19T18:52:58.981554+00:00,clean
RETAIL71,MAKER1,116.889968,2026-01-19T19:06:23.010205+00:00,clean
RETAIL39,MAKER0,628.569741,2026-01-19T19:08:53.481322+00:00,clean
RETAIL2,MAKER4,1345.6525958,2026-01-19T19:40:44.866268+00:00,clean
RETAIL30,MAKER2,34.092488,2026-01-19T20:20:22.299128+00:00,clean
RETAIL16,MAKER2,9.1810498,2026-01-19T20:21:33.833483+00:00,clean
RETAIL45,MAKER0,62.9714294,2026-01-19T20:48:30.357662+00:00,clean
RETAIL4,MAKER4,179.6389879,2026-01-19T21:19:52.939953+00:00,clean
RETAIL12,MAKER4,14.2266693,2026-01-19T21:26:19.951807+00:00,clean
RETAIL73,MAKER4,126.9255053,2026-01-19T23:59:52.010092+00:00,clean
RETAIL3,MAKER2,42.9600061,2026-01-20T01:10:25.384327+00:00,clean
RETAIL19,MAKER2,57.5733183,2026-01-20T02:00:38.924257+00:00,clean
RETAIL12,MAKER1,23.3565056,2026-01-20T02:19:54.052136+00:00,clean
RETAIL38,MAKER3,308.9998143,2026-01-20T02:27:51.153392+00:00,clean
RETAIL17,MAKER4,103.835469,2026-01-20T02:51:24.690504+00:00,clean
MAKER0,RETAIL12,38.7481948,2026-01-20T03:30:40.570240+00:00,clean
MAKER2,RETAIL12,100.7710685,2026-01-20T04:15:04.489575+00:00,clean
RETAIL46,MAKER1,8.8459214,2026-01-20T05:10:43.054089+00:00,clean
RETAIL59,MAKER1,132.2518117,2026-01-20T05:37:08.219896+00:00,clean
RETAIL64,MAKER4,176.5465383,2026-01-20T06:18:08.613445+00:00,clean
RETAIL43,MAKER3,10.0337562,2026-01-20T06:45:03.669494+00:00,clean
RETAIL75,MAKER3,12.4053478,2026-01-20T07:00:40.655792+00:00,clean
RETAIL63,MAKER2,0.3073662,2026-01-20T07:18:08.797322+00:00,clean
RETAIL9,MAKER2,34.0370105,2026-01-20T08:01:27.522357+00:00,clean
RETAIL37,MAKER0,92.2571508,2026-01-20T08:02:41.469356+00:00,clean
RETAIL75,MAKER0,177.1484161,2026-01-20T08:27:27.692313+00:00,clean
RETAIL15,MAKER4,30.5987545,2026-01-20T09:20:09.299265+00:00,clean
RETAIL50,MAKER3,5.7884005,2026-01-20T09:42:14.050802+00:00,clean
RETAIL42,MAKER4,2.9072069,2026-01-20T10:37:39.529988+00:00,clean
RETAIL10,MAKER2,28.2929612,2026-01-20T11:18:00.206210+00:00,clean
RETAIL32,MAKER0,168.6287071,2026-01-20T12:04:19.876683+00:00,clean
RETAIL43,MAKER2,84.2456427,2026-01-20T13:10:52.898069+00:00,clean
RETAIL68,MAKER4,68.4318491,2026-01-20T13:46:11.397399+00:00,clean
RETAIL59,MAKER1,124.6372816,2026-01-20T16:24:12.406364+00:00,clean
MAKER2,RETAIL62,198.8708674,2026-01-20T16:38:56.811142+00:00,clean
RETAIL49,MAKER0,6.255225,2026-01-20T17:23:45.048015+00:00,clean
CIRC4_0,CIRC4_1,1298.981966,2026-01-20T17:28:58.531004+00:00,circular
CIRC4_1,CIRC4_2,1311.1892868,2026-01-20T17:29:28.531004+00:00,circular
CIRC4_2,CIRC4_3,1315.6424017,2026-01-20T17:29:58.531004+00:00,circular
CIRC4_3,CIRC4_0,1300.6325593,2026-01-20T17:30:28.531004+00:00,circular
RETAIL79,MAKER1,1907.793197,2026-01-20T19:11:25.841213+00:00,clean
RETAIL62,MAKER4,42.5083868,2026-01-20T20:25:38.751998+00:00,clean
RETAIL15,MAKER3,115.5657301,2026-01-20T20:42:43.660491+00:00,clean
RETAIL34,MAKER1,5.4885248,2026-01-20T21:10:44.903516+00:00,clean
RETAIL52,MAKER2,334.8348311,2026-01-20T21:33:40.677897+00:00,clean
RETAIL9,MAKER3,8.1044985,2026-01-20T22:05:56.521693+00:00,clean
RETAIL15,MAKER1,1347.4592288,2026-01-21T00:53:05.757279+00:00,clean
RETAIL58,MAKER1,5.9533381,2026-01-21T03:38:42.499169+00:00,clean
RETAIL62,MAKER3,12.2471156,2026-01-21T04:15:58.056149+00:00,clean
RETAIL43,MAKER3,33.188837,2026-01-21T05:25:58.045385+00:00,clean
RETAIL76,MAKER2,132.1377413,2026-01-21T05:52:18.668842+00:00,clean
RETAIL33,MAKER3,79.2136628,2026-01-21T05:56:06.834210+00:00,clean
RETAIL38,MAKER4,75.7233743,2026-01-21T06:11:17.750300+00:00,clean
RETAIL34,MAKER3,84.8761839,2026-01-21T06:13:04.000208+00:00,clean
RETAIL30,MAKER1,401.4175892,2026-01-21T06:14:51.568900+00:00,clean
RETAIL71,MAKER4,67.5399309,2026-01-21T07:37:06.533411+00:00,clean
RETAIL70,MAKER4,9.9205401,2026-01-21T07:53:41.563773+00:00,clean
MAKER0,RETAIL34,721.6280241,2026-01-21T08:03:19.744786+00:00,clean
RETAIL54,MAKER4,16.977023,2026-01-21T08:12:29.425624+00:00,clean
RETAIL41,MAKER1,6.4808112,2026-01-21T10:33:37.217835+00:00,clean
RETAIL54,MAKER0,32.3712738,2026-01-21T10:43:12.503804+00:00,clean
RETAIL3,MAKER3,22.3737309,2026-01-21T10:44:36.398399+00:00,clean
MAKER2,RETAIL67,84.3839459,2026-01-21T11:29:04.294355+00:00,clean
RETAIL53,MAKER1,17.8891192,2026-01-21T11:43:29.321689+00:00,clean
MAKER0,RETAIL76,270.1492217,2026-01-21T12:38:59.440685+00:00,clean
RETAIL23,MAKER4,278.691294,2026-01-21T12:56:23.760724+00:00,clean
RETAIL44,MAKER1,1.7148622,2026-01-21T13:28:52.269424+00:00,clean
RETAIL79,MAKER1,12.3601458,2026-01-21T14:00:26.817782+00:00,clean
RETAIL36,MAKER1,51.0370711,2026-01-21T14:05:13.262621+00:00,clean
RETAIL61,MAKER3,441.5391987,2026-01-21T14:34:43.373160+00:00,clean
RETAIL31,MAKER2,306.3470067,2026-01-21T16:43:07.579587+00:00,clean
RETAIL57,MAKER3,50.1584619,2026-01-21T18:15:47.352202+00:00,clean
RETAIL2,MAKER0,103.2957222,2026-01-21T18:22:23.967303+00:00,clean
RETAIL15,MAKER3,54.7844194,2026-01-21T19:16:34.798283+00:00,clean
RETAIL46,MAKER3,42.5199936,2026-01-21T20:24:40.654491+00:00,clean
SELF1,SELF1,215.7185966,2026-01-21T20:31:01.192309+00:00,self_matching
RETAIL9,MAKER3,39.4920372,2026-01-21T20:41:32.060653+00:00,clean
RETAIL14,MAKER1,80.3054097,2026-01-22T00:31:57.603189+00:00,clean
RETAIL63,MAKER0,18.1424959,2026-01-22T00:44:55.963965+00:00,clean
RETAIL70,MAKER2,645.4877396,2026-01-22T03:34:20.764825+00:00,clean
MAKER0,RETAIL79,43.8359145,2026-01-22T04:28:00.152511+00:00,clean
RETAIL67,MAKER3,2.1144458,2026-01-22T05:41:28.748021+00:00,clean
LAYER1_A,LAYER1_L1,5731.8154628,2026-01-22T05:45:09.706884+00:00,layering
LAYER1_L1,LAYER1_B,5720.3518319,2026-01-22T05:47:09.706884+00:00,layering
LAYER1_B,LAYER1_A,5708.888201,2026-01-22T05:49:09.706884+00:00,layering
RETAIL39,MAKER2,14.9310288,2026-01-22T06:33:02.054623+00:00,clean
RETAIL43,MAKER2,19.5135988,2026-01-22T06:40:12.882838+00:00,clean
RETAIL76,MAKER1,80.1883071,2026-01-22T06:41:30.160180+00:00,clean
RETAIL47,MAKER3,25.8125053,2026-01-22T07:06:34.550058+00:00,clean
RETAIL51,MAKER4,12.2574958,2026-01-22T07:46:07.891157+00:00,clean
RETAIL13,MAKER2,14.1605315,2026-01-22T08:24:45.517372+00:00,clean
RETAIL55,MAKER2,319.9653388,2026-01-22T08:39:18.319200+00:00,clean
RETAIL3,MAKER1,233.9429361,2026-01-22T09:22:37.082546+00:00,clean
RETAIL68,MAKER4,86.9405174,2026-01-22T09:32:31.296818+00:00,clean
RETAIL13,MAKER3,177.6669145,2026-01-22T11:05:13.206580+00:00,clean
RETAIL67,MAKER0,70.6469465,2026-01-22T11:25:43.190013+00:00,clean
RETAIL65,MAKER2,1.7636666,2026-01-22T12:14:51.385066+00:00,clean
RETAIL29,MAKER0,52.8242473,2026-01-22T12:18:38.380331+00:00,clean
LAYER2_A,LAYER2_L2,4176.4146468,2026-01-22T13:39:53.933156+00:00,layering
LAYER2_L2,LAYER2_B,4168.0618175,2026-01-22T13:41:53.933156+00:00,layering
LAYER2_B,LAYER2_A,4159.7089882,2026-01-22T13:43:53.933156+00:00,layering
RETAIL49,MAKER4,28.2059391,2026-01-22T13:56:15.004690+00:00,clean
MAKER4,RETAIL56,13.243152,2026-01-22T14:02:56.361341+00:00,clean
RETAIL49,MAKER0,34.5427584,2026-01-22T17:02:56.052545+00:00,clean
RETAIL56,MAKER2,78.5936375,2026-01-22T17:39:45.093653+00:00,clean
RETAIL50,MAKER2,139.9104274,2026-01-22T19:53:21.032284+00:00,clean
RETAIL21,MAKER4,49.7381472,2026-01-22T19:59:30.715746+00:00,clean
RETAIL75,MAKER0,21.3712241,2026-01-22T20:58:51.847470+00:00,clean
RETAIL47,MAKER0,44.8802277,2026-01-22T21:04:00.780462+00:00,clean
RETAIL2,MAKER1,2.957602,2026-01-22T21:07:16.418598+00:00,clean
RETAIL21,MAKER2,52.5929659,2026-01-22T21:11:53.464167+00:00,clean
RETAIL59,MAKER0,60.2853498,2026-01-22T21:18:38.636947+00:00,clean
RETAIL58,MAKER0,10.7850493,2026-01-22T21:43:29.268273+00:00,clean
SELF4,SELF4,1890.1431178,2026-01-22T21:55:16.640646+00:00,self_matching
SELF1,SELF1,348.4501921,2026-01-22T22:54:04.565597+00:00,self_matching
RETAIL12,MAKER4,4.4603644,2026-01-23T00:08:09.993744+00:00,clean
RETAIL68,MAKER2,1.1646645,2026-01-23T00:17:23.402374+00:00,clean
MAKER4,RETAIL35,96.5547869,2026-01-23T00:31:06.386546+00:00,clean
RETAIL39,MAKER0,621.0364114,2026-01-23T01:37:20.724318+00:00,clean
SELF3,SELF3,207.9628831,2026-01-23T01:56:12.079186+00:00,self_matching
RETAIL53,MAKER2,629.6770186,2026-01-23T02:20:30.042109+00:00,clean
LAYER0_A,LAYER0_L0,2139.5661975,2026-01-23T02:57:35.019209+00:00,layering
LAYER0_L0,LAYER0_B,2135.2870651,2026-01-23T02:59:35.019209+00:00,layering
LAYER0_B,LAYER0_A,2131.0079327,2026-01-23T03:01:35.019209+00:00,layering
RETAIL43,MAKER1,6.2996608,2026-01-23T05:34:47.253788+00:00,clean
RETAIL16,MAKER3,10.2420504,2026-01-23T06:19:08.942753+00:00,clean
RETAIL2,MAKER0,38.3746739,2026-01-23T08:55:26.741762+00:00,clean
RETAIL7,MAKER4,33.1530543,2026-01-23T09:20:31.481570+00:00,clean
RETAIL37,MAKER1,7.2426089,2026-01-23T10:09:45.924158+00:00,clean
RETAIL64,MAKER3,231.7973108,2026-01-23T10:12:56.869675+00:00,clean
LAYER0_A,LAYER0_L1,2081.1263664,2026-01-23T10:12:57.095018+00:00,layering
LAYER0_L1,LAYER0_B,2076.9641136,2026-01-23T10:14:57.095018+00:00,layering
LAYER0_B,LAYER0_A,2072.8018609,2026-01-23T10:16:57.095018+00:00,layering
RETAIL2,MAKER0,55.5036484,2026-01-23T10:45:03.839620+00:00,clean
RETAIL67,MAKER1,446.2374183,2026-01-23T11:16:43.788492+00:00,clean
RETAIL70,MAKER0,359.8437264,2026-01-23T11:26:09.516623+00:00,clean
CIRC4_0,CIRC4_1,3330.8240373,2026-01-23T12:11:10.009830+00:00,circular
CIRC4_1,CIRC4_2,3306.9406277,2026-01-23T12:11:40.009830+00:00,circular
CIRC4_2,CIRC4_3,3318.4207299,2026-01-23T12:12:10.009830+00:00,circular
CIRC4_3,CIRC4_0,3328.1250092,2026-01-23T12:12:40.009830+00:00,circular
RETAIL24,MAKER4,219.0193929,2026-01-23T12:48:58.229265+00:00,clean
RETAIL52,MAKER0,84.6212305,2026-01-23T13:03:07.327262+00:00,clean
RETAIL54,MAKER3,22.0432785,2026-01-23T13:53:41.545647+00:00,clean
MAKER4,RETAIL2,140.0310608,2026-01-23T14:03:51.674922+00:00,clean
MAKER3,RETAIL8,27.2415233,2026-01-23T14:04:39.658355+00:00,clean
MAKER2,RETAIL59,22.8459276,2026-01-23T14:15:19.987646+00:00,clean
RETAIL67,MAKER4,598.1418927,2026-01-23T16:01:20.991568+00:00,clean
RETAIL34,MAKER4,3.2864688,2026-01-23T18:05:11.524785+00:00,clean
RETAIL57,MAKER3,103.8481462,2026-01-23T20:25:02.658909+00:00,clean
RETAIL14,MAKER2,52.1206237,2026-01-23T20:46:13.202322+00:00,clean
RETAIL58,MAKER3,133.7420784,2026-01-23T20:52:43.416211+00:00,clean
RETAIL52,MAKER2,282.2616191,2026-01-24T02:31:37.993033+00:00,clean
RETAIL66,MAKER3,30.0542986,2026-01-24T02:37:51.650676+00:00,clean
RETAIL24,MAKER2,10.6429519,2026-01-24T03:57:34.984682+00:00,clean
RETAIL72,MAKER0,5.1894647,2026-01-24T04:29:07.703202+00:00,clean
RETAIL10,MAKER3,29.3056733,2026-01-24T04:35:57.236043+00:00,clean
RETAIL54,MAKER0,0.576,2026-01-24T05:43:08.987091+00:00,clean
MAKER3,RETAIL34,14.7564996,2026-01-24T05:59:51.723459+00:00,clean
RETAIL57,MAKER1,3.8859596,2026-01-24T06:14:37.117210+00:00,clean
RETAIL42,MAKER2,441.7087713,2026-01-24T06:41:30.507565+00:00,clean
RETAIL21,MAKER3,46.2012774,2026-01-24T08:13:37.908689+00:00,clean
RETAIL16,MAKER2,31.1444291,2026-01-24T08:17:21.062084+00:00,clean
RETAIL28,MAKER2,510.6180714,2026-01-24T08:58:10.327264+00:00,clean
RETAIL24,MAKER3,184.6963831,2026-01-24T09:20:23.134636+00:00,clean
RETAIL75,MAKER2,11.7161601,2026-01-24T11:05:12.459185+00:00,clean
RETAIL68,MAKER3,183.2849443,2026-01-24T11:12:36.949296+00:00,clean
SELF4,SELF4,1428.5139761,2026-01-24T12:54:02.435483+00:00,self_matching
RETAIL61,MAKER3,79.3357595,2026-01-24T13:14:36.624402+00:00,clean
SELF4,SELF4,1695.9995884,2026-01-24T13:57:36.793469+00:00,self_matching
RETAIL52,MAKER3,8.5546866,2026-01-24T14:21:13.912090+00:00,clean
RETAIL52,MAKER2,34.3569082,2026-01-24T14:21:51.357956+00:00,clean
RETAIL31,MAKER0,329.4596027,2026-01-24T14:41:45.998852+00:00,clean
RETAIL18,MAKER4,161.7785525,2026-01-24T15:24:47.361136+00:00,clean
RETAIL73,MAKER4,77.8770825,2026-01-24T17:27:31.941547+00:00,clean
RETAIL41,MAKER0,52.8149521,2026-01-24T17:38:52.920575+00:00,clean
RETAIL52,MAKER0,49.2160245,2026-01-24T17:56:38.606714+00:00,clean
CIRC2_0,CIRC2_1,4379.94171,2026-01-24T18:08:10.731315+00:00,circular
CIRC2_1,CIRC2_2,4387.3487359,2026-01-24T18:08:40.731315+00:00,circular
CIRC2_2,CIRC2_3,4362.6225468,2026-01-24T18:09:10.731315+00:00,circular
CIRC2_3,CIRC2_4,4398.8057344,2026-01-24T18:09:40.731315+00:00,circular
CIRC2_4,CIRC2_0,4405.8711706,2026-01-24T18:10:10.731315+00:00,circular
RETAIL41,MAKER2,146.8863324,2026-01-24T18:10:10.737993+00:00,clean
RETAIL52,MAKER3,224.0459988,2026-01-24T19:25:32.221643+00:00,clean
RETAIL15,MAKER1,157.9669767,2026-01-24T20:19:09.173181+00:00,clean
RETAIL9,MAKER0,62.3014158,2026-01-24T20:36:08.787562+00:00,clean
MAKER4,RETAIL2,81.6053696,2026-01-24T22:32:10.949383+00:00,clean
RETAIL39,MAKER0,8.2149699,2026-01-25T00:14:26.970110+00:00,clean
RETAIL74,MAKER2,20.3928925,2026-01-25T00:45:52.742310+00:00,clean
CIRC1_0,CIRC1_1,2377.3882927,2026-01-25T01:12:45.220170+00:00,circular
CIRC1_1,CIRC1_2,2400.4274931,2026-01-25T01:13:15.220170+00:00,circular
CIRC1_2,CIRC1_3,2411.5054851,2026-01-25T01:13:45.220170+00:00,circular
CIRC1_3,CIRC1_0,2412.9085458,2026-01-25T01:14:15.220170+00:00,circular
RETAIL48,MAKER2,60.6669312,2026-01-25T01:23:19.269174+00:00,clean
RETAIL66,MAKER2,58.1705877,2026-01-25T02:32:22.396152+00:00,clean
RETAIL45,MAKER3,903.6812283,2026-01-25T02:42:10.221078+00:00,clean
RETAIL30,MAKER4,157.7487488,2026-01-25T03:09:08.941911+00:00,clean
RETAIL28,MAKER4,15.7403178,2026-01-25T03:14:29.568807+00:00,clean
LAYER3_A,LAYER3_L1,2833.2670432,2026-01-25T05:31:39.683356+00:00,layering
LAYER3_L1,LAYER3_B,2827.6005091,2026-01-25T05:33:39.683356+00:00,layering
LAYER3_B,LAYER3_A,2821.933975,2026-01-25T05:35:39.683356+00:00,layering
RETAIL16,MAKER0,104.6918579,2026-01-25T06:53:31.692064+00:00,clean
LAYER1_A,LAYER1_L1,1733.4571599,2026-01-25T07:01:03.270678+00:00,layering
LAYER1_L1,LAYER1_B,1729.9902456,2026-01-25T07:03:03.270678+00:00,layering
LAYER1_B,LAYER1_A,1726.5233313,2026-01-25T07:05:03.270678+00:00,layering
RETAIL10,MAKER1,41.4753944,2026-01-25T07:34:52.087538+00:00,clean
RETAIL54,MAKER4,152.7619993,2026-01-25T07:54:21.806049+00:00,clean
SELF3,SELF3,1251.6615955,2026-01-25T08:00:58.143622+00:00,self_matching
RETAIL7,MAKER1,233.9053927,2026-01-25T08:30:49.175467+00:00,clean
RETAIL45,MAKER1,24.2252644,2026-01-25T09:36:51.007745+00:00,clean
RETAIL79,MAKER4,50.4320316,2026-01-25T10:27:40.464249+00:00,clean
MAKER3,RETAIL8,8.353546,2026-01-25T10:39:22.251180+00:00,clean
CIRC4_0,CIRC4_1,4181.0814997,2026-01-25T14:57:20.269276+00:00,circular
CIRC4_1,CIRC4_2,4177.2161556,2026-01-25T14:57:50.269276+00:00,circular
CIRC4_2,CIRC4_3,4178.2337086,2026-01-25T14:58:20.269276+00:00,circular
CIRC4_3,CIRC4_0,4171.7187095,2026-01-25T14:58:50.269276+00:00,circular
SELF0,SELF0,470.1303398,2026-01-25T15:55:46.749769+00:00,self_matching
RETAIL8,MAKER2,326.1840873,2026-01-25T16:23:01.614509+00:00,clean
RETAIL44,MAKER1,23.6410478,2026-01-25T16:26:14.783923+00:00,clean
RETAIL76,MAKER3,3.4433093,2026-01-25T16:30:03.537877+00:00,clean
RETAIL45,MAKER1,86.5328997,2026-01-25T18:24:00.428608+00:00,clean
RETAIL8,MAKER0,36.8126481,2026-01-25T18:43:59.505468+00:00,clean
RETAIL12,MAKER4,774.5219153,2026-01-25T20:29:58.650042+00:00,clean
LAYER2_A,LAYER2_L2,3924.3223405,2026-01-25T20:35:00.723370+00:00,layering
LAYER2_L2,LAYER2_B,3916.4736959,2026-01-25T20:37:00.723370+00:00,layering
LAYER2_B,LAYER2_A,3908.6250512,2026-01-25T20:39:00.723370+00:00,layering
RETAIL59,MAKER3,582.2573508,2026-01-25T20:42:31.530634+00:00,clean
RETAIL23,MAKER2,70.444424,2026-01-25T23:55:34.702204+00:00,clean
RETAIL34,MAKER4,9.7716861,2026-01-26T01:12:20.546080+00:00,clean
RETAIL42,MAKER0,31.064901,2026-01-26T03:46:57.766916+00:00,clean
MAKER2,RETAIL56,303.7264232,2026-01-26T04:22:18.088342+00:00,clean
RETAIL47,MAKER3,11.460264,2026-01-26T07:24:14.154372+00:00,clean
RETAIL2,MAKER3,30.7494191,2026-01-26T08:46:57.001054+00:00,clean
RETAIL9,MAKER4,88.3625866,2026-01-26T09:49:50.496894+00:00,clean
RETAIL68,MAKER1,169.4180471,2026-01-26T10:28:15.537781+00:00,clean
RETAIL63,MAKER3,533.6413792,2026-01-26T11:08:48.779488+00:00,clean
RETAIL58,MAKER1,12.6566156,2026-01-26T11:59:02.414047+00:00,clean
RETAIL70,MAKER4,371.9078165,2026-01-26T12:50:14.570950+00:00,clean
RETAIL58,MAKER0,122.1347199,2026-01-26T13:01:06.021969+00:00,clean
RETAIL15,MAKER4,198.1992345,2026-01-26T13:45:34.815196+00:00,clean
RETAIL41,MAKER4,125.7027397,2026-01-26T14:18:22.860654+00:00,clean
RETAIL1,MAKER4,334.1926514,2026-01-26T14:20:17.517661+00:00,clean
RETAIL53,MAKER0,14.1237102,2026-01-26T14:30:51.033593+00:00,clean
RETAIL17,MAKER1,12.4790439,2026-01-26T15:00:18.595439+00:00,clean
RETAIL74,MAKER2,44.6248047,2026-01-26T18:05:23.166503+00:00,clean
RETAIL59,MAKER0,47.0132696,2026-01-26T20:08:29.371642+00:00,clean
RETAIL24,MAKER0,5556.2936049,2026-01-26T21:20:18.855391+00:00,clean
RETAIL70,MAKER1,28.3749547,2026-01-27T01:52:48.078714+00:00,clean
RETAIL66,MAKER4,136.0586059,2026-01-27T02:20:02.347753+00:00,clean
RETAIL30,MAKER1,15.8273584,2026-01-27T02:45:27.236222+00:00,clean
RETAIL1,MAKER3,100.6013379,2026-01-27T02:47:14.032674+00:00,clean
RETAIL28,MAKER2,551.5760973,2026-01-27T04:25:06.273156+00:00,clean
RETAIL19,MAKER4,136.6465604,2026-01-27T06:57:07.451410+00:00,clean
RETAIL57,MAKER4,421.6439547,2026-01-27T07:52:22.155367+00:00,clean
RETAIL44,MAKER3,2.0441076,2026-01-27T11:00:17.820642+00:00,clean
RETAIL74,MAKER3,129.9337589,2026-01-27T11:27:59.501733+00:00,clean
RETAIL69,MAKER2,511.1933407,2026-01-27T11:50:21.065310+00:00,clean
RETAIL41,MAKER2,236.319788,2026-01-27T12:14:12.986017+00:00,clean
RETAIL3,MAKER3,480.5417163,2026-01-27T12:40:18.911922+00:00,clean
RETAIL39,MAKER4,125.4607829,2026-01-27T13:16:29.871391+00:00,clean
RETAIL61,MAKER1,10.4341366,2026-01-27T14:22:04.721942+00:00,clean
RETAIL76,MAKER3,16.8986484,2026-01-27T16:23:45.045869+00:00,clean
RETAIL59,MAKER1,275.8635466,2026-01-27T16:40:08.469380+00:00,clean
RETAIL32,MAKER1,10581.5003145,2026-01-27T17:11:21.493443+00:00,clean
RETAIL14,MAKER4,15.2890493,2026-01-27T17:43:18.321056+00:00,clean
RETAIL14,MAKER3,162.7115215,2026-01-27T18:07:33.747826+00:00,clean
RETAIL12,MAKER4,97.3450209,2026-01-27T18:43:37.636341+00:00,clean
MAKER4,RETAIL11,337.5675806,2026-01-27T20:18:16.534254+00:00,clean
RETAIL74,MAKER2,5.9611086,2026-01-27T20:25:36.189057+00:00,clean
RETAIL78,MAKER1,10.7977414,2026-01-27T20:39:17.996498+00:00,clean
RETAIL12,MAKER2,16.0323093,2026-01-27T20:47:26.031969+00:00,clean
MAKER1,RETAIL20,96.5319288,2026-01-27T20:57:21.748307+00:00,clean
RETAIL63,MAKER2,68.1063964,2026-01-27T23:06:52.653559+00:00,clean
RETAIL55,MAKER2,1795.5630374,2026-01-27T23:08:49.963949+00:00,clean
RETAIL31,MAKER4,113.2091546,2026-01-27T23:23:24.889080+00:00,clean
RETAIL30,MAKER4,4.0166422,2026-01-28T01:01:23.496127+00:00,clean
MAKER3,RETAIL62,13.8212746,2026-01-28T01:08:36.632325+00:00,clean
RETAIL9,MAKER3,18.315674,2026-01-28T01:10:26.467486+00:00,clean
RETAIL70,MAKER2,62.1304065,2026-01-28T02:19:45.625331+00:00,clean
RETAIL63,MAKER0,20.6950475,2026-01-28T02:51:16.561561+00:00,clean
RETAIL38,MAKER1,16.0224219,2026-01-28T02:52:46.351010+00:00,clean
RETAIL17,MAKER1,134.5619403,2026-01-28T02:56:34.205952+00:00,clean
RETAIL57,MAKER0,47.2756277,2026-01-28T05:45:19.023912+00:00,clean
RETAIL52,MAKER4,283.3634917,2026-01-28T05:50:44.196938+00:00,clean
RETAIL45,MAKER0,15.2187343,2026-01-28T06:08:06.166580+00:00,clean
RETAIL19,MAKER4,115.6036536,2026-01-28T07:04:19.103307+00:00,clean
MAKER0,RETAIL58,1167.3096406,2026-01-28T09:16:01.061227+00:00,clean
RETAIL21,MAKER2,192.0982893,2026-01-28T09:44:06.796300+00:00,clean
RETAIL73,MAKER0,65.5295253,2026-01-28T10:40:53.412891+00:00,clean
RETAIL37,MAKER4,174.9663869,2026-01-28T14:11:35.170906+00:00,clean
RETAIL59,MAKER2,15.1115125,2026-01-28T14:54:41.235820+00:00,clean
RETAIL11,MAKER0,9.8322769,2026-01-28T15:55:50.574306+00:00,clean
RETAIL7,MAKER2,8.3945352,2026-01-28T17:26:39.168378+00:00,clean
RETAIL70,MAKER3,46.4514104,2026-01-28T18:04:09.164338+00:00,clean
RETAIL45,MAKER4,10.7774975,2026-01-28T18:55:26.834602+00:00,clean
RETAIL29,MAKER0,125.4396617,2026-01-28T18:56:39.885944+00:00,clean
RETAIL53,MAKER1,1137.7724813,2026-01-28T20:36:01.838965+00:00,clean
RETAIL69,MAKER0,18.1873837,2026-01-28T21:25:59.773961+00:00,clean
RETAIL5,MAKER3,563.1801391,2026-01-28T21:46:18.210514+00:00,clean
RETAIL59,MAKER3,67.8066105,2026-01-28T22:36:16.711802+00:00,clean
RETAIL70,MAKER3,65.3787891,2026-01-28T23:29:27.834928+00:00,clean
RETAIL65,MAKER1,35.1332206,2026-01-29T00:11:05.799470+00:00,clean
RETAIL41,MAKER3,26.6049776,2026-01-29T02:56:12.879517+00:00,clean
RETAIL57,MAKER0,18.2771008,2026-01-29T03:00:41.345029+00:00,clean
RETAIL29,MAKER0,33.3140895,2026-01-29T03:03:29.855422+00:00,clean
RETAIL53,MAKER3,119.7259906,2026-01-29T03:13:39.781136+00:00,clean
RETAIL14,MAKER1,23.8513477,2026-01-29T03:34:05.684971+00:00,clean
RETAIL73,MAKER4,219.0444126,2026-01-29T03:52:03.835910+00:00,clean
MAKER1,RETAIL62,24.8790587,2026-01-29T04:23:52.799569+00:00,clean
RETAIL15,MAKER1,5.1273838,2026-01-29T07:37:20.864929+00:00,clean
RETAIL13,MAKER1,139.9111702,2026-01-29T08:10:56.944726+00:00,clean
RETAIL37,MAKER0,53.0429794,2026-01-29T08:21:07.820008+00:00,clean
RETAIL43,MAKER3,83.2290493,2026-01-29T08:21:52.130027+00:00,clean
RETAIL32,MAKER1,52.1297392,2026-01-29T10:26:31.628199+00:00,clean
RETAIL7,MAKER0,12.1794916,2026-01-29T11:06:29.299149+00:00,clean
RETAIL14,MAKER0,104.6783392,2026-01-29T11:27:39.795634+00:00,clean
RETAIL70,MAKER3,78.6747483,2026-01-29T13:29:25.095005+00:00,clean
RETAIL39,MAKER4,48.5259907,2026-01-29T16:03:10.271870+00:00,clean
MAKER3,RETAIL26,324.5543641,2026-01-29T17:43:36.530241+00:00,clean
RETAIL31,MAKER1,14.4885735,2026-01-29T18:18:34.271019+00:00,clean
RETAIL2,MAKER2,30.6083793,2026-01-29T18:51:05.657496+00:00,clean
RETAIL33,MAKER2,43.4837513,2026-01-29T19:13:15.142754+00:00,clean
RETAIL56,MAKER2,6.6031701,2026-01-29T20:09:54.629825+00:00,clean
MAKER2,RETAIL1,25.4904019,2026-01-29T20:29:10.694476+00:00,clean
RETAIL6,MAKER2,108.8406982,2026-01-29T20:57:11.251184+00:00,clean
RETAIL14,MAKER1,59.8789281,2026-01-30T00:21:08.845477+00:00,clean
RETAIL41,MAKER3,134.3300663,2026-01-30T00:37:16.095052+00:00,clean
RETAIL28,MAKER3,9.8282163,2026-01-30T01:29:21.096469+00:00,clean
RETAIL56,MAKER3,706.4757934,2026-01-30T01:48:42.054171+00:00,clean
RETAIL35,MAKER1,118.6189452,2026-01-30T01:58:41.999705+00:00,clean
RETAIL0,MAKER3,29.071326,2026-01-30T02:37:29.735556+00:00,clean
RETAIL16,MAKER4,48.5850808,2026-01-30T03:28:50.847867+00:00,clean
RETAIL13,MAKER4,55.8698451,2026-01-30T03:45:43.371937+00:00,clean
RETAIL76,MAKER0,12.4895951,2026-01-30T05:56:31.887701+00:00,clean
RETAIL62,MAKER3,191.5505992,2026-01-30T06:19:37.511353+00:00,clean
RETAIL67,MAKER1,84.1318224,2026-01-30T06:53:12.085127+00:00,clean
RETAIL64,MAKER1,65.5476312,2026-01-30T08:18:38.537970+00:00,clean
RETAIL36,MAKER4,237.6848667,2026-01-30T09:06:09.226779+00:00,clean
RETAIL37,MAKER2,65.6144694,2026-01-30T09:45:21.731152+00:00,clean
RETAIL17,MAKER2,132.6330976,2026-01-30T11:40:53.636817+00:00,clean
RETAIL58,MAKER3,708.4190012,2026-01-30T12:17:08.813553+00:00,clean
RETAIL20,MAKER0,177.6758744,2026-01-30T14:23:12.196721+00:00,clean
RETAIL79,MAKER0,569.598959,2026-01-30T16:41:02.846004+00:00,clean
RETAIL57,MAKER3,38.7338778,2026-01-30T17:12:39.994150+00:00,clean
RETAIL74,MAKER0,111.0158613,2026-01-30T17:21:48.384602+00:00,clean
RETAIL41,MAKER4,23.0151078,2026-01-30T17:46:43.911692+00:00,clean
RETAIL41,MAKER1,373.840926,2026-01-30T18:22:17.132451+00:00,clean
RETAIL77,MAKER0,136.3800464,2026-01-30T19:22:42.628372+00:00,clean
RETAIL2,MAKER3,1.6663217,2026-01-30T19:39:22.363997+00:00,clean
RETAIL11,MAKER0,1377.5151982,2026-01-30T21:12:33.881680+00:00,clean
RETAIL17,MAKER3,368.199118,2026-01-30T21:13:11.591654+00:00,clean
RETAIL41,MAKER1,17.6231018,2026-01-30T21:34:33.130724+00:00,clean
RETAIL7,MAKER0,285.9371566,2026-01-30T22:13:17.255332+00:00,clean
RETAIL31,MAKER4,59.9199146,2026-01-30T22:47:45.065148+00:00,clean
RETAIL69,MAKER3,17.3294611,2026-01-30T23:04:58.631639+00:00,clean
